Var1,set_1,track_8,genreID
93716,small,"[17]",17
48443,small,"[15, 183, 468]",15
12387,small,"[10]",10
133562,small,"[18, 107, 1235]",18
65063,small,"[15, 240, 297]",15
40233,small,"[17]",17
125818,small,"[18, 1235]",18
79995,small,"[17, 103]",17
124877,small,"[18]",18
135370,small,"[12, 66, 98]",12
138415,small,"[17, 103]",17
117991,small,"[1, 38]",1
110437,small,"[17]",17
141282,small,"[18, 107]",18
87096,small,"[18]",18
105141,small,"[12, 31, 70]",12
127274,small,"[10]",10
134941,small,"[2, 102, 1032]",2
141290,small,"[18, 107]",18
113267,small,"[2]",2
112490,small,"[15, 236]",15
98031,small,"[2, 118]",2
19760,small,"[10]",10
138039,small,"[10]",10
140344,small,"[15, 236]",15
144937,small,"[10]",10
59710,small,"[2]",2
121736,small,"[10]",10
108415,small,"[15, 181, 182]",15
118734,small,"[15, 181, 296]",15
40658,small,"[18]",18
122398,small,"[12, 85, 404]",12
92888,small,"[1, 38, 224]",1
59688,small,"[2, 118, 232]",2
16338,small,"[10]",10
134962,small,"[2, 1032]",2
35608,small,"[10]",10
1644,small,"[10]",10
97962,small,"[15, 286, 400]",15
88864,small,"[17]",17
99368,small,"[2, 118]",2
64834,small,"[10]",10
71515,small,"[15, 240, 297]",15
127273,small,"[10]",10
59678,small,"[2]",2
116236,small,"[15, 296, 491]",15
107911,small,"[15, 42, 400]",15
3840,small,"[12]",12
129098,small,"[12, 404]",12
115721,small,"[15, 296, 468]",15
86634,small,"[10]",10
56523,small,"[15]",15
97960,small,"[15, 286, 400]",15
125298,small,"[15, 286, 400]",15
52955,small,"[17, 103]",17
133453,small,"[18, 1235]",18
120778,small,"[18, 1235]",18
117170,small,"[18, 1235]",18
34996,small,"[1, 30, 38, 186, 247]",1
143299,small,"[18]",18
126105,small,"[10]",10
29745,small,"[6, 360]",6
113574,small,"[12, 66]",12
37784,small,"[6, 38]",6
92874,small,"[1, 38, 224]",1
110107,small,"[15, 240, 297]",15
121664,small,"[18, 107]",18
32075,small,"[12, 111]",12
85832,small,"[15, 42, 400]",15
9152,small,"[1, 32, 38]",1
46157,small,"[15]",15
145241,small,"[12, 66]",12
61008,small,"[17]",17
100976,small,"[15, 468]",15
40843,small,"[15, 401]",15
136331,small,"[18, 107]",18
48815,small,"[17]",17
114942,small,"[2, 102, 130]",2
125189,small,"[17, 103]",17
32336,small,"[10]",10
87322,small,"[10]",10
148611,small,"[10]",10
122934,small,"[17, 103]",17
122627,small,"[18, 1235]",18
126790,small,"[17]",17
140926,small,"[15, 236, 296]",15
6373,small,"[2, 102, 118]",2
108343,small,"[15, 240, 297]",15
127203,small,"[10]",10
111228,small,"[18, 107]",18
121866,small,"[12, 85, 111]",12
4778,small,"[12]",12
62163,small,"[10, 362]",10
145703,small,"[10]",10
6332,small,"[2, 118]",2
14344,small,"[15]",15
128811,small,"[18, 1235]",18
111386,small,"[10, 76]",10
424,small,"[1]",1
129039,small,"[18, 1235]",18
120769,small,"[18, 1235]",18
88486,small,"[1, 38, 250]",1
69768,small,"[17]",17
129439,small,"[17, 103]",17
106872,small,"[12, 66, 111]",12
99371,small,"[2, 118]",2
144940,small,"[10]",10
9555,small,"[12]",12
120177,small,"[17]",17
620,small,"[17]",17
71513,small,"[15, 240, 297]",15
81554,small,"[18]",18
105662,small,"[15, 286, 400]",15
52635,small,"[15, 181]",15
59707,small,"[2]",2
203,small,"[17]",17
133793,small,"[17, 103]",17
133537,small,"[18, 107, 1235]",18
122651,small,"[18, 1235]",18
23156,small,"[2, 130]",2
126506,small,"[1, 38, 125]",1
104284,small,"[15, 184, 296]",15
117970,small,"[1, 38]",1
19441,small,"[10, 362]",10
117961,small,"[1, 38]",1
70423,small,"[10]",10
88871,small,"[17]",17
88878,small,"[17]",17
81555,small,"[18]",18
122685,small,"[12, 26, 89]",12
125299,small,"[15, 182, 296]",15
138318,small,"[12, 88, 111]",12
109896,small,"[17, 103]",17
129969,small,"[12, 66]",12
64007,small,"[10]",10
6389,small,"[2, 92]",2
128469,small,"[18, 1235]",18
3880,small,"[17]",17
138065,small,"[10]",10
129042,small,"[18, 1235]",18
148444,small,"[15, 181, 337]",15
27549,small,"[10]",10
113311,small,"[12, 85]",12
108526,small,"[15, 181, 182]",15
134931,small,"[2, 102, 1032]",2
534,small,"[17]",17
93950,small,"[12, 26, 66]",12
135364,small,"[12, 66, 98]",12
49073,small,"[1, 32, 38]",1
152324,small,"[10]",10
30095,small,"[1, 38, 41]",1
69170,small,"[15, 468, 495]",15
96730,small,"[17, 103]",17
108528,small,"[15, 181, 182]",15
138017,small,"[17]",17
16339,small,"[10]",10
76074,small,"[2, 130]",2
131326,small,"[18, 1235]",18
81613,small,"[18]",18
45153,small,"[15, 468, 491]",15
127330,small,"[12, 88, 89]",12
13220,small,"[10]",10
45154,small,"[15, 468, 491]",15
3573,small,"[15]",15
148132,small,"[18]",18
143989,small,"[12, 25, 66]",12
125432,small,"[12, 85]",12
113275,small,"[2]",2
49062,small,"[1, 32, 38]",1
111226,small,"[18, 107]",18
126214,small,"[18, 1235]",18
91088,small,"[15, 184, 337]",15
108012,small,"[17, 103]",17
124391,small,"[12, 26, 98]",12
52647,small,"[15, 181]",15
105716,small,"[17]",17
67673,small,"[12, 26, 98]",12
6802,small,"[2]",2
87972,small,"[17]",17
72476,small,"[10]",10
14869,small,"[15, 181]",15
1417,small,"[12]",12
14571,small,"[18, 1235]",18
115935,small,"[17]",17
30487,small,"[10]",10
113946,small,"[17, 103]",17
92953,small,"[18, 107]",18
134938,small,"[2, 102, 1032]",2
130951,small,"[17]",17
116879,small,"[15, 240]",15
37779,small,"[6, 38]",6
114943,small,"[2, 102, 130]",2
40903,small,"[12]",12
123004,small,"[15, 400, 468]",15
85952,small,"[10]",10
122832,small,"[15]",15
110691,small,"[15, 42, 400]",15
148443,small,"[15, 181, 337]",15
133976,small,"[18, 1235]",18
115772,small,"[18]",18
122399,small,"[12, 85, 404]",12
127205,small,"[10]",10
6385,small,"[2, 102, 118]",2
61736,small,"[10, 76]",10
62450,small,"[10, 76]",10
75436,small,"[18, 107]",18
92538,small,"[17, 103]",17
35545,small,"[10, 362]",10
42243,small,"[2]",2
125183,small,"[17, 103]",17
100552,small,"[15, 42, 184]",15
116446,small,"[17]",17
117161,small,"[18, 1235]",18
116873,small,"[17, 103]",17
123523,small,"[18, 1235]",18
108967,small,"[12, 64, 314]",12
13929,small,"[17]",17
122654,small,"[18, 1235]",18
126185,small,"[18, 1235]",18
96695,small,"[17, 49, 103]",17
138071,small,"[10]",10
72287,small,"[12, 25, 111]",12
114237,small,"[18, 1235]",18
92466,small,"[15, 181, 182]",15
104063,small,"[12, 70]",12
122628,small,"[18, 1235]",18
47070,small,"[15, 240, 297]",15
59658,small,"[2, 118]",2
116490,small,"[18, 1235]",18
68840,small,"[17]",17
88876,small,"[17]",17
10442,small,"[17]",17
73193,small,"[12, 25, 85]",12
64332,small,"[15, 182, 296]",15
113935,small,"[10]",10
121595,small,"[15, 296]",15
9557,small,"[12]",12
63251,small,"[17]",17
72607,small,"[17]",17
108884,small,"[18, 1235]",18
130991,small,"[18, 1235]",18
134384,small,"[10]",10
30690,small,"[1, 38, 41, 247]",1
85308,small,"[10, 362]",10
100973,small,"[15, 468]",15
127302,small,"[10]",10
6390,small,"[2, 118, 130]",2
14745,small,"[12]",12
73467,small,"[10]",10
53862,small,"[15, 296]",15
133567,small,"[18, 107, 1235]",18
96560,small,"[12, 25]",12
116237,small,"[15, 296, 491]",15
111382,small,"[10, 76]",10
114556,small,"[15, 182, 286, 495]",15
123003,small,"[15, 400, 468]",15
117614,small,"[18, 1235]",18
104725,small,"[1, 38, 250]",1
64009,small,"[10]",10
127062,small,"[17]",17
62742,small,"[10]",10
121653,small,"[18, 107]",18
1706,small,"[12]",12
142530,small,"[17]",17
147191,small,"[15, 240]",15
122168,small,"[1, 38, 125]",1
132774,small,"[15, 240, 297]",15
87190,small,"[10]",10
141180,small,"[10, 362]",10
126018,small,"[18, 1235]",18
145464,small,"[15, 181]",15
4013,small,"[17]",17
85488,small,"[17, 103]",17
85828,small,"[15, 400, 468]",15
97958,small,"[15, 286, 400]",15
38776,small,"[2, 177]",2
6469,small,"[2, 102, 118]",2
12521,small,"[12, 66]",12
1687,small,"[2]",2
29746,small,"[6, 360]",6
66469,small,"[1, 32, 38, 41, 186, 224]",1
35549,small,"[10, 362]",10
1893,small,"[17]",17
85343,small,"[15, 240, 297]",15
59657,small,"[2, 118]",2
137719,small,"[12, 404]",12
108969,small,"[12, 64, 314]",12
129089,small,"[12, 404]",12
127192,small,"[17]",17
108461,small,"[10]",10
122631,small,"[18, 1235]",18
91788,small,"[17]",17
91082,small,"[15, 184, 337]",15
127498,small,"[18, 1235]",18
132678,small,"[18, 1235]",18
12109,small,"[2]",2
42238,small,"[2]",2
51261,small,"[10]",10
42119,small,"[6]",6
139937,small,"[15, 296, 468]",15
111379,small,"[10, 76]",10
98026,small,"[2, 118]",2
67557,small,"[12, 98]",12
10805,small,"[10]",10
67764,small,"[17]",17
55827,small,"[2, 46]",2
61007,small,"[17]",17
108878,small,"[18, 1235]",18
139521,small,"[17, 103]",17
19759,small,"[10]",10
131439,small,"[10]",10
116709,small,"[1, 38, 125]",1
137715,small,"[12, 404]",12
9505,small,"[1, 32, 38]",1
129184,small,"[18, 1235]",18
116241,small,"[15, 296, 491]",15
115775,small,"[18]",18
133447,small,"[18, 1235]",18
142132,small,"[17, 103]",17
36096,small,"[15]",15
59720,small,"[2]",2
59706,small,"[2]",2
75435,small,"[18, 107]",18
133974,small,"[18, 1235]",18
79593,small,"[17]",17
117667,small,"[2, 602]",2
3765,small,"[12, 26]",12
6394,small,"[2, 118]",2
540,small,"[17]",17
81523,small,"[18]",18
125156,small,"[15, 181, 296, 400, 495]",15
60548,small,"[2, 118]",2
92954,small,"[18, 107]",18
20365,small,"[18]",18
5159,small,"[17]",17
73309,small,"[12, 66]",12
122959,small,"[1, 38]",1
27548,small,"[10]",10
139993,small,"[15, 182, 337]",15
148518,small,"[10]",10
126778,small,"[17]",17
38522,small,"[12, 25, 88]",12
130945,small,"[17]",17
91086,small,"[15, 184, 337]",15
149142,small,"[18, 1235]",18
88870,small,"[17]",17
125813,small,"[18, 1235]",18
131924,small,"[18, 107, 1235]",18
96697,small,"[17, 49, 103]",17
142080,small,"[15, 337, 468]",15
75763,small,"[15, 491]",15
14735,small,"[12]",12
100835,small,"[15, 42, 236]",15
89485,small,"[17]",17
85311,small,"[10, 362]",10
122397,small,"[12, 85, 404]",12
89474,small,"[15, 468]",15
55832,small,"[2, 46]",2
134940,small,"[2, 102, 1032]",2
6762,small,"[17]",17
122901,small,"[2]",2
73340,small,"[15, 296]",15
8261,small,"[17]",17
27258,small,"[17, 33, 180]",17
52638,small,"[15, 181]",15
109906,small,"[17, 103]",17
20296,small,"[1, 38]",1
16158,small,"[10]",10
113266,small,"[2]",2
127299,small,"[10]",10
88854,small,"[17]",17
46159,small,"[15]",15
72050,small,"[17]",17
126490,small,"[17]",17
104278,small,"[15, 297, 468]",15
109538,small,"[15, 240, 297]",15
12146,small,"[10]",10
84405,small,"[1, 38, 186]",1
92284,small,"[15, 286]",15
52501,small,"[17, 103]",17
108300,small,"[17]",17
54719,small,"[15]",15
97961,small,"[15, 286, 400]",15
115262,small,"[2, 118, 130]",2
87189,small,"[10]",10
143304,small,"[18]",18
81485,small,"[18]",18
109904,small,"[17, 103]",17
35184,small,"[10, 362]",10
127661,small,"[18, 1235]",18
4520,small,"[15]",15
87103,small,"[18]",18
55183,small,"[15]",15
141300,small,"[18, 107]",18
14579,small,"[18, 1235]",18
91228,small,"[17]",17
714,small,"[17]",17
138064,small,"[10]",10
126885,small,"[18, 1235]",18
11504,small,"[17]",17
11199,small,"[10]",10
111372,small,"[10, 76]",10
63936,small,"[1, 32]",1
23353,small,"[15, 42]",15
7528,small,"[10]",10
122080,small,"[12, 66, 85]",12
133293,small,"[1, 30, 38, 41, 247]",1
13362,small,"[10]",10
133977,small,"[18, 1235]",18
54297,small,"[17, 103]",17
118952,small,"[18]",18
13578,small,"[1]",1
147309,small,"[18, 107, 1235]",18
22093,small,"[12]",12
114544,small,"[15, 182, 286, 495]",15
121591,small,"[10]",10
85957,small,"[10]",10
127726,small,"[17, 103]",17
20362,small,"[18]",18
99395,small,"[2, 130]",2
106567,small,"[12, 314, 404]",12
65039,small,"[15, 468]",15
118955,small,"[18]",18
82462,small,"[12]",12
115471,small,"[18, 1235]",18
131764,small,"[10, 76]",10
131903,small,"[17]",17
107659,small,"[12]",12
126429,small,"[10]",10
19758,small,"[10]",10
111225,small,"[18, 107]",18
108339,small,"[15, 240, 297]",15
41812,small,"[12]",12
54237,small,"[10]",10
118950,small,"[18]",18
3766,small,"[12, 26]",12
130990,small,"[18, 1235]",18
6517,small,"[12]",12
117884,small,"[12, 66, 111]",12
74445,small,"[17, 103]",17
93521,small,"[15, 468]",15
32021,small,"[12, 85]",12
92546,small,"[15, 182, 296]",15
115470,small,"[18, 1235]",18
46736,small,"[10]",10
116882,small,"[15, 240]",15
14742,small,"[12]",12
20364,small,"[18]",18
35544,small,"[10, 362]",10
126512,small,"[1, 38, 125]",1
107913,small,"[15, 42, 400]",15
138070,small,"[10]",10
116756,small,"[18, 1235]",18
107594,small,"[17]",17
143295,small,"[18]",18
3263,small,"[17]",17
111229,small,"[18, 107]",18
12147,small,"[10]",10
5191,small,"[10]",10
57639,small,"[17, 33, 103]",17
114282,small,"[15, 240, 297]",15
27856,small,"[17, 33]",17
125190,small,"[17, 103]",17
993,small,"[12]",12
88860,small,"[17]",17
139775,small,"[18, 1235]",18
86037,small,"[18]",18
138020,small,"[18]",18
59669,small,"[2, 118]",2
38859,small,"[1, 30, 38, 41, 247]",1
118384,small,"[12, 25, 85]",12
122166,small,"[1, 38, 125]",1
64331,small,"[15, 182, 296]",15
146970,small,"[17, 103]",17
134979,small,"[17]",17
20366,small,"[18]",18
64008,small,"[10]",10
118000,small,"[1, 38]",1
56805,small,"[15]",15
133432,small,"[18, 1235]",18
111388,small,"[10, 76]",10
68354,small,"[10]",10
146478,small,"[12, 66, 85]",12
127469,small,"[1, 38]",1
3270,small,"[17]",17
66638,small,"[15, 42, 468]",15
121449,small,"[15, 296]",15
36097,small,"[15]",15
122647,small,"[18, 1235]",18
134580,small,"[18, 107]",18
55186,small,"[15]",15
51268,small,"[10]",10
91938,small,"[17]",17
115769,small,"[18]",18
93727,small,"[15, 181, 296]",15
96402,small,"[12, 31]",12
88892,small,"[17]",17
86039,small,"[18]",18
144941,small,"[10]",10
100544,small,"[15, 42, 184]",15
107577,small,"[17]",17
1701,small,"[17]",17
37781,small,"[6, 38]",6
10678,small,"[17]",17
80341,small,"[2, 118]",2
23039,small,"[10]",10
108342,small,"[15, 240, 297]",15
12059,small,"[17]",17
133639,small,"[17]",17
127286,small,"[10]",10
145646,small,"[15, 296]",15
113344,small,"[17, 103]",17
117160,small,"[18, 1235]",18
46928,small,"[10]",10
47076,small,"[15, 240, 297]",15
62446,small,"[10]",10
110690,small,"[15, 42, 400]",15
56797,small,"[15]",15
105919,small,"[17, 103]",17
127303,small,"[10]",10
127278,small,"[10]",10
127660,small,"[18, 1235]",18
139933,small,"[15, 296, 468]",15
124876,small,"[18]",18
85595,small,"[10, 362]",10
119895,small,"[18, 1235]",18
45517,small,"[17]",17
1661,small,"[10]",10
126666,small,"[12, 66]",12
129962,small,"[12, 66]",12
108880,small,"[18, 1235]",18
126290,small,"[18, 1235]",18
49066,small,"[1, 32, 38]",1
66644,small,"[10]",10
111400,small,"[10, 76]",10
126505,small,"[1, 38, 125]",1
23013,small,"[15]",15
138319,small,"[12, 88, 111]",12
35550,small,"[10, 362]",10
113277,small,"[2]",2
96945,small,"[10, 76]",10
84009,small,"[17]",17
85835,small,"[15, 42, 400]",15
138066,small,"[10]",10
1680,small,"[2]",2
127275,small,"[10]",10
139776,small,"[18, 1235]",18
117886,small,"[12, 66, 111]",12
96166,small,"[2, 102]",2
12049,small,"[17]",17
49068,small,"[1, 32, 38]",1
88868,small,"[17]",17
6379,small,"[2, 92]",2
20369,small,"[18]",18
52950,small,"[17, 103]",17
87105,small,"[18]",18
110172,small,"[17]",17
127206,small,"[10]",10
65040,small,"[15, 468]",15
76075,small,"[2, 130]",2
87108,small,"[18]",18
125195,small,"[17, 103]",17
144592,small,"[15, 495]",15
111186,small,"[17, 33, 103]",17
121452,small,"[15, 296]",15
144946,small,"[10]",10
148513,small,"[10]",10
145711,small,"[10]",10
81782,small,"[18]",18
134388,small,"[10]",10
38779,small,"[2, 177]",2
141291,small,"[18, 107]",18
82918,small,"[18]",18
126416,small,"[18, 1235]",18
136322,small,"[15, 182, 400]",15
132675,small,"[18, 1235]",18
42048,small,"[10]",10
115268,small,"[2, 118, 130]",2
116467,small,"[18, 1235]",18
143318,small,"[12, 31, 101]",12
6519,small,"[12]",12
56274,small,"[10]",10
127183,small,"[10]",10
38961,small,"[10]",10
120776,small,"[18, 1235]",18
87160,small,"[15, 181, 468]",15
135336,small,"[10]",10
23010,small,"[15]",15
143106,small,"[12, 85]",12
83898,small,"[1, 38, 186]",1
125185,small,"[17, 103]",17
40230,small,"[17]",17
111221,small,"[18, 107]",18
14572,small,"[18, 1235]",18
150062,small,"[17, 103]",17
9477,small,"[1, 32, 38]",1
71503,small,"[15, 240, 297]",15
67016,small,"[17]",17
45523,small,"[17]",17
27609,small,"[2, 130, 232, 504, 619]",2
97545,small,"[15, 42, 400]",15
85834,small,"[15, 42, 400]",15
86140,small,"[1, 38, 247]",1
85836,small,"[15, 42, 400]",15
133551,small,"[18, 107, 1235]",18
149417,small,"[12, 25, 440]",12
111385,small,"[10, 76]",10
6368,small,"[2, 118, 130]",2
119901,small,"[18, 1235]",18
3913,small,"[17]",17
69766,small,"[17]",17
108474,small,"[18, 1235]",18
14739,small,"[12]",12
127913,small,"[10]",10
136054,small,"[12, 26, 66]",12
142577,small,"[2]",2
148439,small,"[15, 181, 337]",15
118953,small,"[18]",18
150267,small,"[18, 107, 1235]",18
134922,small,"[2, 102, 1032]",2
129091,small,"[12, 404]",12
67597,small,"[17]",17
39900,small,"[1, 32, 38]",1
149712,small,"[18, 107]",18
126773,small,"[15, 181, 296, 400, 495]",15
113360,small,"[17, 103]",17
133798,small,"[17, 103]",17
40232,small,"[17]",17
134929,small,"[2, 102, 1032]",2
3911,small,"[17]",17
143217,small,"[12, 66, 98]",12
108341,small,"[15, 240, 297]",15
12179,small,"[10]",10
114941,small,"[2, 102, 130]",2
36388,small,"[10]",10
107909,small,"[15, 42, 400]",15
54335,small,"[15]",15
143941,small,"[18, 107, 1235]",18
148587,small,"[10]",10
10684,small,"[17]",17
116735,small,"[18, 1235]",18
13328,small,"[10]",10
100549,small,"[15, 42, 184]",15
46844,small,"[10]",10
105712,small,"[17]",17
108478,small,"[18, 1235]",18
75439,small,"[18, 107]",18
51274,small,"[10]",10
20372,small,"[18]",18
82507,small,"[17]",17
127914,small,"[10]",10
6331,small,"[2, 118, 130]",2
77517,small,"[1, 38, 224]",1
76077,small,"[2, 130]",2
117159,small,"[18, 1235]",18
130930,small,"[18, 1235]",18
137725,small,"[12, 404]",12
150064,small,"[17, 103]",17
57648,small,"[17, 33, 103]",17
126491,small,"[17]",17
12060,small,"[17]",17
52947,small,"[17, 103]",17
133788,small,"[17, 103]",17
121658,small,"[18, 107]",18
116760,small,"[18, 1235]",18
36615,small,"[10, 362]",10
134443,small,"[18, 107, 1235]",18
126180,small,"[18, 1235]",18
93523,small,"[15, 468]",15
70174,small,"[1, 38]",1
72290,small,"[12, 25, 111]",12
50445,small,"[12, 25]",12
126055,small,"[1, 38]",1
72604,small,"[15, 42, 236, 495]",15
120774,small,"[18, 1235]",18
68862,small,"[17]",17
128760,small,"[15, 181, 401]",15
13378,small,"[10]",10
131938,small,"[2, 102, 118]",2
33221,small,"[15, 181, 182, 236, 296, 468]",15
108306,small,"[17]",17
127298,small,"[10]",10
138282,small,"[12, 85, 111]",12
53863,small,"[15, 296]",15
135339,small,"[10]",10
144552,small,"[17, 103]",17
72046,small,"[17]",17
88877,small,"[17]",17
113261,small,"[2]",2
46241,small,"[6]",6
124175,small,"[18]",18
142549,small,"[10]",10
118891,small,"[17, 103]",17
109903,small,"[17, 103]",17
14684,small,"[17, 103]",17
145707,small,"[10]",10
12986,small,"[17]",17
80774,small,"[2, 524, 1032]",2
27611,small,"[2, 130, 232, 504, 619]",2
114231,small,"[18, 1235]",18
129372,small,"[10]",10
53587,small,"[17]",17
14743,small,"[12]",12
85487,small,"[17, 103]",17
87490,small,"[12, 25]",12
133272,small,"[12, 26]",12
62005,small,"[18]",18
116874,small,"[17, 103]",17
133535,small,"[18, 107, 1235]",18
85838,small,"[15, 42, 400]",15
71512,small,"[15, 240, 297]",15
82892,small,"[17]",17
85346,small,"[15, 240, 297]",15
87193,small,"[10]",10
131904,small,"[17]",17
76440,small,"[17]",17
135340,small,"[10]",10
88856,small,"[17]",17
139524,small,"[17, 103]",17
20375,small,"[18]",18
124181,small,"[18]",18
75787,small,"[12]",12
85822,small,"[15, 400, 468]",15
138063,small,"[10]",10
145462,small,"[15, 181]",15
114222,small,"[18, 1235]",18
89639,small,"[15, 183, 185]",15
72927,small,"[1, 47, 456]",1
92872,small,"[1, 38, 224]",1
96731,small,"[17, 103]",17
52648,small,"[15, 181]",15
127911,small,"[10]",10
84484,small,"[15, 297, 491]",15
145551,small,"[17, 103]",17
133431,small,"[18, 1235]",18
75434,small,"[18, 107]",18
42019,small,"[15, 337, 401]",15
126229,small,"[18, 1235]",18
75430,small,"[18, 107]",18
4519,small,"[15]",15
147086,small,"[6, 763, 1193]",6
111402,small,"[10, 76]",10
131774,small,"[10, 76]",10
49849,small,"[17]",17
814,small,"[17]",17
10444,small,"[17]",17
49029,small,"[17, 103]",17
131327,small,"[18, 1235]",18
91098,small,"[17, 103]",17
129970,small,"[12, 66]",12
122395,small,"[12, 85, 404]",12
81803,small,"[18]",18
7548,small,"[1, 38]",1
68444,small,"[15]",15
125817,small,"[18, 1235]",18
133439,small,"[18, 1235]",18
86443,small,"[12, 25, 109]",12
76073,small,"[2, 130]",2
130954,small,"[17]",17
54061,small,"[17]",17
12486,small,"[17]",17
39357,small,"[2, 79]",2
108016,small,"[17, 103]",17
123487,small,"[18, 1235]",18
18112,small,"[1, 38]",1
1688,small,"[2]",2
131942,small,"[2, 102, 118]",2
139520,small,"[17, 103]",17
59656,small,"[2, 118]",2
142552,small,"[10]",10
49408,small,"[1, 32, 38]",1
127187,small,"[10]",10
114245,small,"[15]",15
126508,small,"[1, 38, 125]",1
52630,small,"[15, 181]",15
107578,small,"[17]",17
146458,small,"[15, 181, 236]",15
59680,small,"[2]",2
29752,small,"[6, 360]",6
4799,small,"[12]",12
135338,small,"[10]",10
135365,small,"[12, 66, 98]",12
122498,small,"[10]",10
49842,small,"[17]",17
59660,small,"[2, 130]",2
121450,small,"[15, 296]",15
79575,small,"[12, 85, 111]",12
47666,small,"[10]",10
72289,small,"[12, 25, 111]",12
48307,small,"[1, 30, 38, 41, 247]",1
107569,small,"[17]",17
17635,small,"[2, 86, 92]",2
73560,small,"[15]",15
121453,small,"[15, 296]",15
107425,small,"[15, 182, 240]",15
41971,small,"[18]",18
145552,small,"[17, 103]",17
135375,small,"[12, 66, 98]",12
115263,small,"[2, 118, 130]",2
11198,small,"[10]",10
27177,small,"[15, 183]",15
108477,small,"[18, 1235]",18
82929,small,"[18]",18
4784,small,"[12]",12
136323,small,"[15, 182, 400]",15
116098,small,"[18, 1235]",18
63258,small,"[17]",17
6370,small,"[2, 118]",2
108883,small,"[18, 1235]",18
131913,small,"[18, 107, 1235]",18
22348,small,"[10]",10
130953,small,"[17]",17
139522,small,"[17, 103]",17
128845,small,"[1, 38, 125]",1
75783,small,"[12]",12
123099,small,"[17, 103]",17
3762,small,"[12, 26]",12
48990,small,"[12, 25]",12
66074,small,"[15, 42]",15
123933,small,"[15, 183, 468]",15
26174,small,"[10]",10
59686,small,"[2, 118, 232]",2
87161,small,"[15, 181, 468]",15
107426,small,"[15, 182, 240]",15
96694,small,"[17, 49, 103]",17
133448,small,"[18, 1235]",18
35204,small,"[1, 38, 125]",1
99361,small,"[2, 118]",2
125681,small,"[18, 1235]",18
122634,small,"[18, 1235]",18
33068,small,"[2, 46, 502]",2
121451,small,"[15, 296]",15
12514,small,"[17]",17
108525,small,"[15, 181, 182]",15
138022,small,"[18]",18
59709,small,"[2]",2
56801,small,"[15]",15
66757,small,"[18]",18
85347,small,"[15, 240, 297]",15
50448,small,"[12, 25]",12
105670,small,"[15, 286, 400]",15
142519,small,"[17]",17
126521,small,"[1, 38, 125]",1
55294,small,"[10]",10
94419,small,"[12, 66]",12
66482,small,"[1, 32, 38, 41, 186, 224]",1
118738,small,"[17]",17
69985,small,"[15]",15
131923,small,"[18, 107, 1235]",18
20376,small,"[18]",18
1082,small,"[2]",2
137990,small,"[17]",17
144423,small,"[15, 181]",15
81071,small,"[1, 38]",1
80697,small,"[2, 118]",2
7710,small,"[17, 103]",17
127295,small,"[10]",10
116759,small,"[18, 1235]",18
145550,small,"[17, 103]",17
82464,small,"[12]",12
100972,small,"[15, 468]",15
105145,small,"[12, 31, 70]",12
105916,small,"[17, 103]",17
143219,small,"[12, 66, 98]",12
10443,small,"[17]",17
107248,small,"[2, 130, 741]",2
822,small,"[10]",10
42126,small,"[6]",6
55290,small,"[10]",10
40657,small,"[18]",18
4450,small,"[17]",17
104283,small,"[15, 184, 296]",15
76071,small,"[2, 130]",2
76076,small,"[2, 130]",2
36428,small,"[15]",15
99313,small,"[15, 183, 495]",15
113279,small,"[2]",2
113274,small,"[2]",2
1925,small,"[17]",17
115944,small,"[17]",17
140925,small,"[15, 236, 296]",15
67470,small,"[15]",15
54235,small,"[10]",10
51271,small,"[10]",10
122085,small,"[12, 66, 85]",12
111398,small,"[10, 76]",10
5169,small,"[17]",17
142078,small,"[15, 337, 468]",15
98206,small,"[15, 181, 296]",15
92539,small,"[17, 103]",17
75782,small,"[12]",12
1682,small,"[2]",2
96696,small,"[17, 49, 103]",17
131914,small,"[18, 107, 1235]",18
107567,small,"[17, 49, 103]",17
116704,small,"[17]",17
2097,small,"[17]",17
128813,small,"[18, 1235]",18
119899,small,"[18, 1235]",18
127349,small,"[15, 240]",15
7713,small,"[17, 103]",17
63065,small,"[15, 468]",15
125816,small,"[18, 1235]",18
84486,small,"[15, 297, 491]",15
134385,small,"[10]",10
129695,small,"[17, 103]",17
108472,small,"[18, 1235]",18
111220,small,"[18, 107]",18
127190,small,"[17]",17
55293,small,"[10]",10
73564,small,"[15]",15
89477,small,"[17]",17
29816,small,"[15]",15
76069,small,"[2, 130]",2
61742,small,"[10, 76]",10
68843,small,"[17]",17
6854,small,"[17]",17
110104,small,"[15, 240, 297]",15
133444,small,"[18, 1235]",18
69764,small,"[17]",17
109449,small,"[17, 103]",17
13668,small,"[15]",15
111182,small,"[17, 33, 103]",17
126507,small,"[1, 38, 125]",1
115473,small,"[18, 1235]",18
126015,small,"[18, 1235]",18
130683,small,"[12, 25]",12
128476,small,"[10]",10
127301,small,"[10]",10
85489,small,"[17, 103]",17
139774,small,"[18, 1235]",18
134942,small,"[2, 102, 1032]",2
144939,small,"[10]",10
52446,small,"[18]",18
121454,small,"[15, 296]",15
125815,small,"[18, 1235]",18
118058,small,"[18, 1235]",18
131941,small,"[2, 102, 118]",2
51117,small,"[1, 38]",1
111371,small,"[10, 76]",10
72149,small,"[1, 32, 38, 250]",1
107050,small,"[10]",10
73466,small,"[10]",10
61011,small,"[17]",17
127279,small,"[10]",10
63252,small,"[17]",17
54158,small,"[18]",18
40660,small,"[18]",18
148510,small,"[10]",10
143214,small,"[12, 66, 98]",12
124394,small,"[12, 26, 98]",12
117613,small,"[18, 1235]",18
122649,small,"[18, 1235]",18
113278,small,"[2]",2
105673,small,"[15, 286, 400]",15
107590,small,"[17]",17
10381,small,"[17]",17
119369,small,"[1, 30, 186]",1
29271,small,"[10]",10
121655,small,"[18, 107]",18
52447,small,"[18]",18
110171,small,"[17]",17
131453,small,"[10]",10
68861,small,"[17]",17
110438,small,"[17]",17
113934,small,"[10]",10
91093,small,"[12, 25, 85]",12
46733,small,"[10]",10
144944,small,"[10]",10
66187,small,"[17, 103]",17
96729,small,"[17, 103]",17
126720,small,"[18, 1235]",18
143308,small,"[18]",18
78213,small,"[17]",17
54151,small,"[18]",18
126426,small,"[10]",10
126781,small,"[17]",17
32327,small,"[10]",10
137463,small,"[15, 286, 495]",15
127281,small,"[10]",10
133545,small,"[18, 107, 1235]",18
61013,small,"[17]",17
40239,small,"[17]",17
113809,small,"[10]",10
80005,small,"[17, 103]",17
14585,small,"[18, 1235]",18
129694,small,"[17, 103]",17
16819,small,"[12, 404]",12
68842,small,"[17]",17
10439,small,"[17]",17
115267,small,"[2, 118, 130]",2
120777,small,"[18, 1235]",18
107596,small,"[17]",17
122534,small,"[10]",10
148441,small,"[15, 181, 337]",15
7711,small,"[17, 103]",17
69732,small,"[15, 236]",15
117171,small,"[18, 1235]",18
19074,small,"[10]",10
107584,small,"[17]",17
93520,small,"[15, 468]",15
132568,small,"[18]",18
134919,small,"[2, 102, 1032]",2
134084,small,"[17]",17
131911,small,"[18, 107, 1235]",18
91087,small,"[15, 184, 337]",15
142097,small,"[18, 107, 1235]",18
16334,small,"[2, 172]",2
108303,small,"[17]",17
117885,small,"[12, 66, 111]",12
55830,small,"[2, 46]",2
144549,small,"[17, 103]",17
122579,small,"[10]",10
144548,small,"[17, 103]",17
110166,small,"[12, 85, 111]",12
3909,small,"[17]",17
4521,small,"[15]",15
121474,small,"[18, 107, 1235]",18
82157,small,"[18, 107]",18
85839,small,"[15, 42, 400]",15
117883,small,"[12, 66, 111]",12
73921,small,"[10]",10
58221,small,"[12]",12
79988,small,"[17, 103]",17
137723,small,"[12, 404]",12
133967,small,"[18, 1235]",18
14741,small,"[12]",12
108475,small,"[18, 1235]",18
92561,small,"[15, 182, 296]",15
108885,small,"[18, 1235]",18
141288,small,"[18, 107]",18
142532,small,"[17]",17
32218,small,"[15]",15
123094,small,"[17, 103]",17
135374,small,"[12, 66, 98]",12
108422,small,"[15, 181, 182]",15
80002,small,"[17, 103]",17
134054,small,"[15, 182, 296]",15
142531,small,"[17]",17
144600,small,"[18, 107, 1235]",18
125157,small,"[15, 181, 296, 400, 495]",15
128448,small,"[12]",12
141292,small,"[18, 107]",18
115927,small,"[17]",17
30488,small,"[10]",10
127497,small,"[18, 1235]",18
51275,small,"[10]",10
107429,small,"[15, 182, 240]",15
111394,small,"[10, 76]",10
116449,small,"[17]",17
139771,small,"[18, 1235]",18
116587,small,"[1, 38, 125]",1
55831,small,"[2, 46]",2
139773,small,"[18, 1235]",18
126215,small,"[18, 1235]",18
31568,small,"[15, 182]",15
148608,small,"[10]",10
118739,small,"[17]",17
64334,small,"[15, 182, 296]",15
98203,small,"[15, 181, 296]",15
141875,small,"[15, 181]",15
148113,small,"[18]",18
47865,small,"[17, 103]",17
126748,small,"[17, 103]",17
106569,small,"[12, 314, 404]",12
56802,small,"[15]",15
1666,small,"[10]",10
116455,small,"[17]",17
27552,small,"[10]",10
141873,small,"[15, 181]",15
49856,small,"[17]",17
117668,small,"[2, 602]",2
56799,small,"[15]",15
133572,small,"[18, 107, 1235]",18
119900,small,"[18, 1235]",18
132567,small,"[18]",18
144546,small,"[17, 103]",17
134586,small,"[18, 107]",18
125822,small,"[18, 1235]",18
116454,small,"[17]",17
108529,small,"[15, 181, 182]",15
40234,small,"[17]",17
20374,small,"[18]",18
602,small,"[17]",17
117887,small,"[12, 66, 111]",12
20373,small,"[18]",18
22097,small,"[10]",10
42375,small,"[15, 184]",15
39530,small,"[10, 362]",10
11503,small,"[17]",17
126411,small,"[18, 1235]",18
12066,small,"[17]",17
116758,small,"[18, 1235]",18
4522,small,"[15]",15
118257,small,"[1, 38, 250]",1
72565,small,"[17]",17
66782,small,"[10]",10
111395,small,"[10, 76]",10
134052,small,"[15, 182, 296]",15
9559,small,"[12]",12
133441,small,"[18, 1235]",18
42240,small,"[2]",2
54062,small,"[17]",17
39904,small,"[1, 32, 38]",1
127285,small,"[10]",10
73372,small,"[15, 42, 495]",15
122935,small,"[17, 103]",17
122400,small,"[12, 85, 404]",12
72047,small,"[17]",17
115269,small,"[2, 118, 130]",2
146020,small,"[18]",18
110110,small,"[15, 240, 297]",15
113453,small,"[15, 296]",15
81868,small,"[15, 183, 236]",15
35199,small,"[1, 38, 125]",1
107912,small,"[15, 42, 400]",15
110441,small,"[17]",17
47894,small,"[10]",10
52628,small,"[15, 181]",15
23371,small,"[17]",17
123000,small,"[15, 400, 468]",15
56798,small,"[15]",15
75230,small,"[12, 31, 45]",12
114279,small,"[15, 240, 297]",15
98669,small,"[2, 102, 118]",2
133544,small,"[18, 107, 1235]",18
127181,small,"[10]",10
142129,small,"[17, 103]",17
28548,small,"[15]",15
46024,small,"[12, 85, 89]",12
105912,small,"[12, 89, 111]",12
49848,small,"[17]",17
99363,small,"[2, 118]",2
72570,small,"[17]",17
72058,small,"[17]",17
28479,small,"[10, 76, 362]",10
134455,small,"[18, 107, 1235]",18
14577,small,"[18, 1235]",18
103519,small,"[18]",18
91102,small,"[17, 103]",17
126749,small,"[17, 103]",17
125659,small,"[18, 1235]",18
122632,small,"[18, 1235]",18
118062,small,"[18, 1235]",18
62165,small,"[10, 362]",10
116755,small,"[18, 1235]",18
148124,small,"[18]",18
49407,small,"[1, 32, 38]",1
128759,small,"[15, 181, 401]",15
131444,small,"[10]",10
125999,small,"[15, 181, 296, 400, 495]",15
6329,small,"[2, 118]",2
108015,small,"[17, 103]",17
125612,small,"[18, 1235]",18
5170,small,"[17]",17
85436,small,"[17]",17
14661,small,"[17, 103]",17
39875,small,"[1, 32, 38]",1
148120,small,"[18]",18
145645,small,"[15, 296]",15
1649,small,"[10]",10
108457,small,"[10]",10
127191,small,"[17]",17
131897,small,"[17]",17
146961,small,"[17, 103]",17
64796,small,"[10]",10
105714,small,"[17]",17
16163,small,"[10]",10
27610,small,"[2, 130, 232, 504, 619]",2
63191,small,"[12]",12
114536,small,"[18, 1235]",18
81781,small,"[18]",18
6782,small,"[17]",17
110711,small,"[1, 41]",1
61012,small,"[17]",17
127495,small,"[18, 1235]",18
92562,small,"[15, 182, 296]",15
718,small,"[17]",17
126183,small,"[18, 1235]",18
10679,small,"[17]",17
91790,small,"[17]",17
92878,small,"[1, 38, 224]",1
72059,small,"[17]",17
148609,small,"[10]",10
30120,small,"[1, 38, 41]",1
85691,small,"[17, 33]",17
35296,small,"[15, 468]",15
92949,small,"[18, 107]",18
92885,small,"[1, 38, 224]",1
103522,small,"[18]",18
142529,small,"[17]",17
8256,small,"[17]",17
10480,small,"[17]",17
131325,small,"[18, 1235]",18
129392,small,"[10]",10
124874,small,"[18]",18
116456,small,"[17]",17
115888,small,"[18, 1235]",18
46854,small,"[10]",10
82916,small,"[18]",18
121473,small,"[18, 107, 1235]",18
48491,small,"[2, 118]",2
134918,small,"[2, 102, 1032]",2
36961,small,"[10, 362]",10
143306,small,"[18]",18
45513,small,"[17]",17
122625,small,"[18, 1235]",18
134937,small,"[2, 102, 1032]",2
14569,small,"[18, 1235]",18
64006,small,"[10]",10
86038,small,"[18]",18
49030,small,"[17, 103]",17
11239,small,"[1, 32, 38]",1
130986,small,"[1, 38, 125]",1
3273,small,"[17]",17
1102,small,"[12]",12
148517,small,"[10]",10
59721,small,"[2]",2
3832,small,"[17]",17
146482,small,"[12, 66, 85]",12
84485,small,"[15, 297, 491]",15
45149,small,"[15, 468, 491]",15
50952,small,"[17]",17
82921,small,"[18]",18
114535,small,"[18, 1235]",18
126782,small,"[17]",17
67600,small,"[17]",17
49072,small,"[1, 32, 38]",1
121593,small,"[10]",10
48488,small,"[2, 118]",2
28802,small,"[10]",10
130955,small,"[17]",17
113264,small,"[2]",2
149139,small,"[18, 1235]",18
66394,small,"[12]",12
106937,small,"[17, 103]",17
139936,small,"[15, 296, 468]",15
126510,small,"[1, 38, 125]",1
72288,small,"[12, 25, 111]",12
127188,small,"[10]",10
91755,small,"[15, 297]",15
122082,small,"[12, 66, 85]",12
121590,small,"[10]",10
40231,small,"[17]",17
38847,small,"[1, 30, 38, 41, 247]",1
87191,small,"[10]",10
28481,small,"[10, 76, 362]",10
88874,small,"[17]",17
81814,small,"[18]",18
29741,small,"[6, 360]",6
113808,small,"[10]",10
107592,small,"[17]",17
13218,small,"[10]",10
121594,small,"[10]",10
127189,small,"[10]",10
73658,small,"[17]",17
117612,small,"[18, 1235]",18
82917,small,"[18]",18
93363,small,"[15, 42, 400]",15
144544,small,"[17, 103]",17
126522,small,"[1, 38, 125]",1
148773,small,"[15, 400]",15
129391,small,"[10]",10
127276,small,"[10]",10
129742,small,"[15, 42, 296]",15
125814,small,"[18, 1235]",18
68852,small,"[17]",17
52953,small,"[17, 103]",17
98028,small,"[2, 118]",2
3920,small,"[17]",17
46238,small,"[6]",6
128471,small,"[18, 1235]",18
141284,small,"[18, 107]",18
83437,small,"[17]",17
127266,small,"[17]",17
122132,small,"[1, 38, 125]",1
68355,small,"[10]",10
39359,small,"[12]",12
122683,small,"[12, 26, 89]",12
32340,small,"[10]",10
126289,small,"[18, 1235]",18
129190,small,"[18, 1235]",18
139990,small,"[15, 182, 337]",15
130937,small,"[17]",17
147126,small,"[18, 107, 1235]",18
40986,small,"[12, 66]",12
64840,small,"[10]",10
72056,small,"[17]",17
133275,small,"[12, 26]",12
85599,small,"[10, 362]",10
116242,small,"[15, 296, 491]",15
129090,small,"[12, 404]",12
35299,small,"[15, 468]",15
93518,small,"[15, 468]",15
141285,small,"[18, 107]",18
123486,small,"[18, 1235]",18
44820,small,"[2, 118, 524]",2
81586,small,"[18]",18
127066,small,"[17]",17
88867,small,"[17]",17
11937,small,"[10]",10
111392,small,"[10, 76]",10
75764,small,"[15, 491]",15
126218,small,"[18, 1235]",18
126182,small,"[18, 1235]",18
131451,small,"[10]",10
63253,small,"[17]",17
62337,small,"[12]",12
62003,small,"[18]",18
75762,small,"[15, 491]",15
110688,small,"[15, 42, 400]",15
73585,small,"[17]",17
104724,small,"[1, 38, 250]",1
115773,small,"[18]",18
92556,small,"[15, 42, 337]",15
625,small,"[17]",17
58116,small,"[10]",10
135342,small,"[10]",10
62007,small,"[18]",18
81999,small,"[18]",18
91170,small,"[17]",17
83438,small,"[17]",17
25216,small,"[2]",2
67457,small,"[1]",1
85693,small,"[17]",17
130952,small,"[17]",17
58540,small,"[12]",12
79605,small,"[15, 468]",15
7554,small,"[1, 38]",1
114283,small,"[15, 240, 297]",15
116872,small,"[17, 103]",17
75908,small,"[12, 25, 111]",12
92549,small,"[15, 182, 296]",15
80696,small,"[2, 118]",2
134948,small,"[2, 102, 1032]",2
141179,small,"[10, 362]",10
126716,small,"[18, 1235]",18
128504,small,"[12, 89]",12
148610,small,"[10]",10
109445,small,"[17, 103]",17
147412,small,"[12, 25, 111]",12
127287,small,"[10]",10
126520,small,"[1, 38, 125]",1
98671,small,"[2, 102, 118]",2
33064,small,"[15]",15
51111,small,"[1, 38]",1
126291,small,"[18, 1235]",18
3761,small,"[12, 26]",12
37131,small,"[15, 240, 296]",15
136137,small,"[17, 33]",17
71822,small,"[15]",15
107435,small,"[15, 182, 240]",15
145183,small,"[18, 1235]",18
99370,small,"[2, 118]",2
213,small,"[10]",10
40842,small,"[15, 401]",15
150268,small,"[18, 107, 1235]",18
142516,small,"[17]",17
45522,small,"[17]",17
113259,small,"[2]",2
127290,small,"[10]",10
145189,small,"[18, 1235]",18
59671,small,"[2, 118]",2
77522,small,"[1, 38, 224]",1
138026,small,"[18]",18
85318,small,"[15, 468]",15
35462,small,"[1, 32]",1
104279,small,"[15, 297, 468]",15
16822,small,"[12, 404]",12
150266,small,"[18, 107, 1235]",18
87188,small,"[10]",10
35527,small,"[12]",12
138040,small,"[10]",10
104010,small,"[17, 103]",17
107251,small,"[2, 130, 741]",2
127662,small,"[18, 1235]",18
140922,small,"[15, 236, 296]",15
23505,small,"[15, 286]",15
73561,small,"[15]",15
56795,small,"[15]",15
30090,small,"[1, 38, 41]",1
80775,small,"[2, 524, 1032]",2
81792,small,"[18]",18
131935,small,"[2, 102, 118]",2
138410,small,"[17, 103]",17
1924,small,"[17]",17
35541,small,"[12]",12
84291,small,"[12]",12
116235,small,"[15, 296, 491]",15
63208,small,"[17]",17
77572,small,"[10]",10
3492,small,"[12]",12
55828,small,"[2, 46]",2
39488,small,"[17]",17
148133,small,"[18]",18
50276,small,"[17, 103]",17
126187,small,"[18, 1235]",18
73335,small,"[15, 296]",15
116869,small,"[18, 1235]",18
42235,small,"[2]",2
3763,small,"[12, 26]",12
84290,small,"[12]",12
80001,small,"[17, 103]",17
121475,small,"[18, 107, 1235]",18
56273,small,"[10]",10
105664,small,"[15, 286, 400]",15
99372,small,"[2, 118]",2
106563,small,"[12, 314, 404]",12
55288,small,"[10]",10
12061,small,"[17]",17
44805,small,"[10]",10
46160,small,"[15]",15
9721,small,"[1, 32, 38]",1
73675,small,"[17]",17
52637,small,"[15, 181]",15
122066,small,"[12, 66, 85]",12
56803,small,"[15]",15
48442,small,"[15, 183, 468]",15
130931,small,"[18, 1235]",18
91238,small,"[17]",17
116877,small,"[15, 240]",15
124554,small,"[15, 236, 695]",15
104064,small,"[10]",10
108476,small,"[18, 1235]",18
103520,small,"[18]",18
107591,small,"[17]",17
131901,small,"[17]",17
130948,small,"[17]",17
75786,small,"[12]",12
118063,small,"[18, 1235]",18
115892,small,"[18, 1235]",18
62751,small,"[10, 362]",10
28483,small,"[10, 76, 362]",10
112252,small,"[17]",17
118068,small,"[18, 1235]",18
142551,small,"[10]",10
14586,small,"[18, 1235]",18
138018,small,"[18]",18
125186,small,"[17, 103]",17
122648,small,"[18, 1235]",18
7011,small,"[15]",15
65064,small,"[15, 240, 297]",15
46855,small,"[10]",10
99394,small,"[2, 130]",2
96699,small,"[17, 49, 103]",17
93712,small,"[17]",17
148604,small,"[17]",17
63257,small,"[17]",17
122199,small,"[1, 38]",1
96728,small,"[17, 103]",17
61006,small,"[17]",17
109446,small,"[17, 103]",17
190,small,"[17]",17
93956,small,"[12, 26, 66]",12
6855,small,"[17]",17
123488,small,"[18, 1235]",18
125191,small,"[17, 103]",17
113950,small,"[17, 103]",17
84417,small,"[1, 38, 186]",1
109900,small,"[17, 103]",17
129043,small,"[18, 1235]",18
84264,small,"[15, 236, 337]",15
58054,small,"[1, 32, 38]",1
10809,small,"[10]",10
125154,small,"[15, 181, 296, 400, 495]",15
144492,small,"[1]",1
124393,small,"[12, 26, 98]",12
52948,small,"[17, 103]",17
106343,small,"[17, 103]",17
36618,small,"[10, 362]",10
129968,small,"[12]",12
7526,small,"[10]",10
107910,small,"[15, 42, 400]",15
59687,small,"[2, 118, 232]",2
130933,small,"[18, 1235]",18
51112,small,"[1, 38]",1
146968,small,"[17, 103]",17
132773,small,"[15, 240, 297]",15
144454,small,"[18, 107, 1235]",18
111222,small,"[18, 107]",18
57417,small,"[15, 181, 183, 236]",15
40655,small,"[18]",18
144424,small,"[15, 181]",15
44777,small,"[17, 33]",17
85596,small,"[10, 362]",10
6463,small,"[17]",17
97393,small,"[15, 42, 400]",15
122533,small,"[10]",10
31044,small,"[15]",15
45520,small,"[17]",17
59727,small,"[2]",2
59685,small,"[2, 118, 232]",2
134936,small,"[2, 102, 1032]",2
134930,small,"[2, 102, 1032]",2
136324,small,"[15, 182, 400]",15
115771,small,"[18]",18
105918,small,"[17, 103]",17
141182,small,"[10, 362]",10
38955,small,"[10]",10
45152,small,"[15, 468, 491]",15
45151,small,"[15, 468, 491]",15
131324,small,"[18, 1235]",18
85953,small,"[10]",10
133969,small,"[18, 1235]",18
127996,small,"[18, 107]",18
144935,small,"[10]",10
35182,small,"[10, 362]",10
87966,small,"[17]",17
49477,small,"[10]",10
138320,small,"[12, 88, 111]",12
35008,small,"[1, 30, 38, 186, 247]",1
12046,small,"[17]",17
621,small,"[17]",17
51265,small,"[10]",10
91937,small,"[17]",17
40238,small,"[17]",17
139772,small,"[18, 1235]",18
134952,small,"[2, 102, 1032]",2
85482,small,"[17, 103]",17
10382,small,"[17]",17
56796,small,"[15]",15
38782,small,"[2, 177]",2
126887,small,"[18, 1235]",18
141286,small,"[18, 107]",18
54154,small,"[18]",18
140923,small,"[15, 236, 296]",15
142133,small,"[17, 103]",17
126455,small,"[17]",17
108301,small,"[17]",17
131932,small,"[2, 102, 118]",2
87971,small,"[17]",17
116880,small,"[15, 240]",15
126667,small,"[12, 66]",12
52449,small,"[18]",18
133538,small,"[18, 107, 1235]",18
51272,small,"[10]",10
74546,small,"[17]",17
116239,small,"[15, 296, 491]",15
14570,small,"[18, 1235]",18
54155,small,"[18]",18
32337,small,"[10]",10
127402,small,"[1, 38, 41]",1
60544,small,"[2, 118]",2
139992,small,"[15, 182, 337]",15
87157,small,"[15, 181, 468]",15
41983,small,"[18, 107]",18
52634,small,"[15, 181]",15
121738,small,"[10]",10
131912,small,"[18, 107, 1235]",18
137462,small,"[15, 286, 495]",15
40908,small,"[1, 247]",1
58543,small,"[12]",12
33216,small,"[15, 181, 182, 236, 296, 468]",15
123001,small,"[15, 400, 468]",15
1686,small,"[2]",2
52641,small,"[15, 181]",15
3906,small,"[17]",17
71514,small,"[15, 240, 297]",15
127193,small,"[17]",17
19673,small,"[2, 92, 171]",2
38785,small,"[2, 177]",2
42376,small,"[15, 184]",15
92887,small,"[1, 38, 224]",1
138025,small,"[18]",18
114545,small,"[15, 182, 286, 495]",15
91130,small,"[1, 38, 41, 250]",1
125820,small,"[18, 1235]",18
6461,small,"[17]",17
36616,small,"[10, 362]",10
127194,small,"[17]",17
33067,small,"[2, 46, 502]",2
34484,small,"[17]",17
47077,small,"[15, 240, 297]",15
10384,small,"[17]",17
121652,small,"[18, 107]",18
113260,small,"[2]",2
114938,small,"[2, 102, 130]",2
130988,small,"[18, 1235]",18
4785,small,"[12]",12
81650,small,"[18]",18
37141,small,"[18]",18
52649,small,"[15, 181]",15
126671,small,"[12, 66]",12
52639,small,"[15, 181]",15
135369,small,"[12, 66, 98]",12
122204,small,"[1, 38]",1
127271,small,"[10]",10
91793,small,"[17]",17
80004,small,"[17, 103]",17
127265,small,"[17]",17
145710,small,"[10]",10
117611,small,"[18, 1235]",18
67556,small,"[12, 98]",12
45514,small,"[17]",17
133574,small,"[18, 107, 1235]",18
126675,small,"[12, 66]",12
56895,small,"[10]",10
133731,small,"[12, 58, 314]",12
134077,small,"[17]",17
103523,small,"[18]",18
126428,small,"[10]",10
122936,small,"[17, 103]",17
83440,small,"[17]",17
140565,small,"[15, 181, 182]",15
85492,small,"[17, 103]",17
14588,small,"[18, 1235]",18
135371,small,"[12, 66, 98]",12
44823,small,"[2, 118, 524]",2
114533,small,"[18, 1235]",18
85831,small,"[15, 42, 400]",15
54156,small,"[18]",18
68837,small,"[17]",17
95535,small,"[12, 66, 111]",12
57360,small,"[1, 38, 125]",1
64253,small,"[1, 38]",1
93981,small,"[2, 79, 130]",2
114937,small,"[2, 102, 130]",2
148532,small,"[17]",17
14733,small,"[12]",12
97542,small,"[15, 42, 400]",15
108460,small,"[10]",10
126181,small,"[18, 1235]",18
88879,small,"[17]",17
1642,small,"[10]",10
62750,small,"[10, 362]",10
127910,small,"[10]",10
89486,small,"[17]",17
110103,small,"[15, 240, 297]",15
9512,small,"[2]",2
6383,small,"[2, 102, 118]",2
62448,small,"[10]",10
133436,small,"[18, 1235]",18
62164,small,"[10, 362]",10
146019,small,"[18]",18
73370,small,"[15, 42, 495]",15
1087,small,"[12]",12
71516,small,"[15, 240, 297]",15
90828,small,"[10]",10
62748,small,"[10, 362]",10
111223,small,"[18, 107]",18
50449,small,"[12, 25]",12
68851,small,"[17]",17
81457,small,"[18]",18
62426,small,"[17]",17
118735,small,"[17]",17
114235,small,"[18, 1235]",18
116448,small,"[17]",17
104062,small,"[12, 70]",12
133579,small,"[18, 107, 1235]",18
141289,small,"[18, 107]",18
66636,small,"[15, 42, 468]",15
98202,small,"[15, 181, 296]",15
63289,small,"[18]",18
69761,small,"[17]",17
11544,small,"[1, 22, 32, 38, 125]",1
12484,small,"[17]",17
144942,small,"[10]",10
116029,small,"[15]",15
133450,small,"[18, 1235]",18
6354,small,"[2, 92]",2
85600,small,"[10, 362]",10
105671,small,"[15, 286, 400]",15
76072,small,"[2, 130]",2
144933,small,"[10]",10
7527,small,"[10]",10
59677,small,"[2, 118]",2
75432,small,"[18, 107]",18
82410,small,"[6]",6
121665,small,"[18, 107]",18
134981,small,"[17]",17
51276,small,"[10]",10
96698,small,"[17, 49, 103]",17
32760,small,"[10]",10
141,small,"[17]",17
27805,small,"[10]",10
116871,small,"[18, 1235]",18
59654,small,"[2, 118]",2
141074,small,"[18, 1235]",18
122201,small,"[1, 38]",1
138041,small,"[10]",10
65073,small,"[15, 236, 468]",15
143305,small,"[18]",18
4781,small,"[12]",12
4835,small,"[12]",12
87068,small,"[15, 42, 337]",15
3708,small,"[17]",17
13325,small,"[12]",12
69763,small,"[17]",17
6779,small,"[17]",17
690,small,"[12]",12
6376,small,"[2, 118, 130]",2
133333,small,"[1, 30, 38, 41, 247]",1
75692,small,"[10]",10
87965,small,"[17]",17
110923,small,"[17, 103]",17
98667,small,"[2, 102, 118]",2
3707,small,"[17]",17
104009,small,"[17, 103]",17
61010,small,"[17]",17
104282,small,"[15, 184, 296]",15
87325,small,"[10]",10
28484,small,"[10, 76, 362]",10
134444,small,"[18, 107, 1235]",18
82920,small,"[18]",18
144551,small,"[17, 103]",17
75429,small,"[18, 107]",18
122086,small,"[12, 66, 85]",12
92950,small,"[18, 107]",18
65683,small,"[17]",17
139777,small,"[18, 1235]",18
5381,small,"[17]",17
128799,small,"[1, 38, 41]",1
68839,small,"[17]",17
12188,small,"[10]",10
107574,small,"[17]",17
108423,small,"[15, 181, 182]",15
106568,small,"[12, 314, 404]",12
133546,small,"[18, 107, 1235]",18
86040,small,"[18]",18
73175,small,"[17]",17
145706,small,"[10]",10
92535,small,"[17, 103]",17
47072,small,"[15, 240, 297]",15
34003,small,"[1, 38, 250]",1
12487,small,"[17]",17
59653,small,"[2, 118]",2
715,small,"[17]",17
99704,small,"[15, 181, 296]",15
105718,small,"[17]",17
107597,small,"[17]",17
91936,small,"[17]",17
6342,small,"[2, 102]",2
79606,small,"[15, 468]",15
6382,small,"[2, 118]",2
127722,small,"[17, 103]",17
85950,small,"[10]",10
72146,small,"[1, 32, 38, 250]",1
40240,small,"[17]",17
111368,small,"[10, 76]",10
58053,small,"[1, 32, 38]",1
49070,small,"[1, 32, 38]",1
113357,small,"[17, 103]",17
62753,small,"[10, 362]",10
110927,small,"[17, 103]",17
111397,small,"[10, 76]",10
131448,small,"[10]",10
91089,small,"[15, 184, 337]",15
81600,small,"[18]",18
85598,small,"[10, 362]",10
825,small,"[12, 45, 58, 66]",12
72233,small,"[15, 240, 286]",15
105890,small,"[17, 103]",17
52946,small,"[17, 103]",17
77519,small,"[1, 38, 224]",1
73368,small,"[15, 42, 495]",15
131902,small,"[17]",17
58474,small,"[10]",10
119893,small,"[18, 1235]",18
148099,small,"[1, 38]",1
87104,small,"[18]",18
108524,small,"[15, 181, 182]",15
114238,small,"[18, 1235]",18
67766,small,"[17]",17
27612,small,"[2, 130, 232, 504, 619]",2
126412,small,"[18, 1235]",18
146483,small,"[12, 66, 85]",12
123935,small,"[15, 183, 468]",15
138067,small,"[10]",10
42241,small,"[2]",2
148602,small,"[17]",17
123458,small,"[18]",18
81938,small,"[17, 103]",17
131940,small,"[2, 102, 118]",2
3274,small,"[17]",17
91797,small,"[17]",17
126519,small,"[1, 38, 125]",1
52636,small,"[15, 181]",15
147409,small,"[12, 25, 111]",12
130923,small,"[15, 240, 297]",15
12052,small,"[17]",17
129185,small,"[18, 1235]",18
107805,small,"[12, 31]",12
35534,small,"[12]",12
141287,small,"[18, 107]",18
116451,small,"[17]",17
70426,small,"[10]",10
23016,small,"[15]",15
142579,small,"[2]",2
38778,small,"[2, 177]",2
36965,small,"[10, 362]",10
115767,small,"[18]",18
67017,small,"[17]",17
123509,small,"[10]",10
10386,small,"[17]",17
132122,small,"[10, 362]",10
125657,small,"[18, 1235]",18
137720,small,"[12, 404]",12
53729,small,"[1, 250]",1
140564,small,"[15, 181, 182]",15
72926,small,"[1, 47, 456]",1
4788,small,"[12]",12
32339,small,"[10]",10
127499,small,"[18, 1235]",18
129044,small,"[18, 1235]",18
51260,small,"[10]",10
6393,small,"[2, 102]",2
123096,small,"[17, 103]",17
122645,small,"[18, 1235]",18
118060,small,"[18, 1235]",18
57569,small,"[12, 25, 85]",12
126014,small,"[18, 1235]",18
75785,small,"[12]",12
47868,small,"[17, 103]",17
114234,small,"[18, 1235]",18
140566,small,"[15, 181, 182]",15
122084,small,"[12, 66, 85]",12
125193,small,"[17, 103]",17
23355,small,"[15]",15
148586,small,"[10]",10
113273,small,"[2]",2
122633,small,"[18, 1235]",18
140135,small,"[15, 181]",15
63224,small,"[10]",10
10383,small,"[17]",17
59681,small,"[2]",2
12482,small,"[17]",17
48317,small,"[1, 30, 38, 41, 247]",1
86441,small,"[12, 25, 109]",12
1427,small,"[12]",12
9560,small,"[12]",12
131449,small,"[10]",10
44347,small,"[1, 38, 41]",1
64365,small,"[10]",10
79990,small,"[17, 103]",17
20050,small,"[12]",12
74942,small,"[17]",17
108230,small,"[15, 296]",15
67598,small,"[17]",17
118059,small,"[18, 1235]",18
36614,small,"[10, 362]",10
40659,small,"[18]",18
55291,small,"[10]",10
118670,small,"[17]",17
113167,small,"[17, 103]",17
140134,small,"[15, 181]",15
146018,small,"[18]",18
16155,small,"[10, 362]",10
12067,small,"[17]",17
105917,small,"[17, 103]",17
43965,small,"[17]",17
96944,small,"[10, 76]",10
126786,small,"[17]",17
111188,small,"[17, 33, 103]",17
124178,small,"[18]",18
103518,small,"[18]",18
125159,small,"[15, 181, 296, 400, 495]",15
127268,small,"[10]",10
133729,small,"[12, 58, 314]",12
116881,small,"[15, 240]",15
1703,small,"[17]",17
13556,small,"[12]",12
122475,small,"[10]",10
14581,small,"[18, 1235]",18
75433,small,"[18, 107]",18
109901,small,"[17, 103]",17
88869,small,"[17]",17
44355,small,"[1, 38, 41]",1
11306,small,"[12, 58, 66]",12
116883,small,"[17]",17
113281,small,"[2]",2
121661,small,"[18, 107]",18
147085,small,"[6, 763, 1193]",6
121257,small,"[12]",12
87097,small,"[18]",18
122635,small,"[18, 1235]",18
62449,small,"[10]",10
40237,small,"[17]",17
53588,small,"[17]",17
31040,small,"[15]",15
128500,small,"[17]",17
116876,small,"[17, 103]",17
142098,small,"[18, 107, 1235]",18
97544,small,"[15, 42, 400]",15
114539,small,"[18, 1235]",18
116243,small,"[15, 296, 491]",15
131925,small,"[18, 107, 1235]",18
48489,small,"[2, 118]",2
124892,small,"[1, 38, 250]",1
10808,small,"[10]",10
113263,small,"[2]",2
4787,small,"[12]",12
73318,small,"[12, 25]",12
3908,small,"[17]",17
113280,small,"[2]",2
85421,small,"[10]",10
6856,small,"[17]",17
143995,small,"[12, 25, 66]",12
83969,small,"[12, 53]",12
91791,small,"[17]",17
129097,small,"[12, 404]",12
32333,small,"[10]",10
28478,small,"[10, 76, 362]",10
126430,small,"[10]",10
17132,small,"[17]",17
1196,small,"[17]",17
3266,small,"[17]",17
98670,small,"[2, 102, 118]",2
127648,small,"[18, 1235]",18
106342,small,"[17, 103]",17
71506,small,"[15, 240, 297]",15
133970,small,"[18, 1235]",18
126189,small,"[18, 1235]",18
52642,small,"[15, 181]",15
131899,small,"[17]",17
116868,small,"[18, 1235]",18
13191,small,"[10]",10
133580,small,"[18, 107, 1235]",18
137721,small,"[12, 404]",12
85422,small,"[10]",10
145702,small,"[10]",10
108307,small,"[17]",17
99393,small,"[2, 130]",2
65038,small,"[15, 468]",15
42247,small,"[2]",2
16821,small,"[12, 404]",12
36966,small,"[10, 362]",10
120772,small,"[18, 1235]",18
47897,small,"[10]",10
121663,small,"[18, 107]",18
88846,small,"[17]",17
27550,small,"[10]",10
21087,small,"[17, 33]",17
33072,small,"[2, 46, 502]",2
138306,small,"[12, 25, 85]",12
85491,small,"[17, 103]",17
149422,small,"[6]",6
51919,small,"[17]",17
32081,small,"[12, 111]",12
134389,small,"[10]",10
126718,small,"[18, 1235]",18
68838,small,"[17]",17
90625,small,"[17]",17
14738,small,"[12]",12
123097,small,"[17, 103]",17
124891,small,"[1, 38, 250]",1
126220,small,"[18, 1235]",18
118672,small,"[17]",17
83913,small,"[1, 38, 186]",1
107583,small,"[17]",17
67558,small,"[12, 98]",12
127806,small,"[15, 286, 468, 495]",15
123936,small,"[15, 183, 468]",15
124180,small,"[18]",18
69762,small,"[17]",17
85955,small,"[10]",10
111015,small,"[18, 1235]",18
148613,small,"[10]",10
124872,small,"[18]",18
115932,small,"[17]",17
127300,small,"[10]",10
66646,small,"[10]",10
125314,small,"[2]",2
111391,small,"[10, 76]",10
73344,small,"[15, 296]",15
138414,small,"[17, 103]",17
121869,small,"[12, 85, 111]",12
131936,small,"[2, 102, 118]",2
107257,small,"[2, 130, 741]",2
118061,small,"[18, 1235]",18
58117,small,"[10]",10
148112,small,"[18]",18
113359,small,"[17, 103]",17
73584,small,"[17]",17
63999,small,"[10]",10
83911,small,"[1, 38, 186]",1
54149,small,"[18]",18
85428,small,"[10]",10
83600,small,"[18]",18
122999,small,"[15, 400, 468]",15
66075,small,"[15, 42]",15
54150,small,"[18]",18
142517,small,"[17]",17
132775,small,"[15, 240, 297]",15
50956,small,"[18]",18
85954,small,"[10]",10
121735,small,"[10]",10
113343,small,"[17, 103]",17
126414,small,"[18, 1235]",18
51114,small,"[1, 38]",1
49846,small,"[17]",17
12489,small,"[17]",17
56275,small,"[10]",10
107048,small,"[10]",10
91933,small,"[17]",17
40243,small,"[17]",17
10806,small,"[10]",10
130347,small,"[17]",17
129683,small,"[17, 103]",17
6367,small,"[2, 92]",2
32335,small,"[10]",10
73365,small,"[15, 42, 495]",15
133802,small,"[17, 103]",17
45519,small,"[17]",17
123484,small,"[18, 1235]",18
123002,small,"[15, 400, 468]",15
125821,small,"[18, 1235]",18
4782,small,"[12]",12
106570,small,"[12, 314, 404]",12
133297,small,"[1, 30, 38, 41, 247]",1
3265,small,"[17]",17
120770,small,"[18, 1235]",18
52631,small,"[15, 181]",15
113270,small,"[2]",2
44342,small,"[1, 38, 41]",1
131979,small,"[12, 58, 85]",12
133457,small,"[18, 1235]",18
135010,small,"[17]",17
141295,small,"[18, 107]",18
12551,small,"[10]",10
126234,small,"[18, 1235]",18
81660,small,"[18]",18
149185,small,"[15, 337, 400]",15
40909,small,"[1, 247]",1
7709,small,"[17, 103]",17
17633,small,"[2, 86, 92]",2
8259,small,"[17]",17
108459,small,"[10]",10
77523,small,"[1, 38, 224]",1
49857,small,"[17]",17
124873,small,"[18]",18
59724,small,"[2]",2
1195,small,"[17]",17
777,small,"[12]",12
12513,small,"[17]",17
131918,small,"[18, 107, 1235]",18
126232,small,"[18, 1235]",18
29739,small,"[6, 360]",6
150265,small,"[18, 107, 1235]",18
108532,small,"[15, 181, 182]",15
133576,small,"[18, 107, 1235]",18
133638,small,"[17]",17
66637,small,"[15, 42, 468]",15
115722,small,"[15, 296, 468]",15
125812,small,"[18, 1235]",18
146017,small,"[18]",18
12058,small,"[17]",17
149143,small,"[18, 1235]",18
51120,small,"[10]",10
59684,small,"[2, 118, 232]",2
130944,small,"[17]",17
145917,small,"[15, 236]",15
115948,small,"[17]",17
7529,small,"[10]",10
38781,small,"[2, 177]",2
91084,small,"[15, 184, 337]",15
126489,small,"[17]",17
116238,small,"[15, 296, 491]",15
133561,small,"[18, 107, 1235]",18
133438,small,"[18, 1235]",18
122081,small,"[12, 66, 85]",12
110440,small,"[17]",17
49064,small,"[1, 32, 38]",1
59723,small,"[2]",2
129040,small,"[18, 1235]",18
55833,small,"[2, 46]",2
68844,small,"[17]",17
41147,small,"[15]",15
73172,small,"[17]",17
142094,small,"[18, 107, 1235]",18
71508,small,"[15, 240, 297]",15
108416,small,"[15, 181, 182]",15
126231,small,"[18, 1235]",18
108882,small,"[18, 1235]",18
122504,small,"[10]",10
14740,small,"[12]",12
113268,small,"[2]",2
32330,small,"[10]",10
63287,small,"[18]",18
122650,small,"[18, 1235]",18
70424,small,"[10]",10
54703,small,"[17, 103]",17
92889,small,"[1, 38, 224]",1
105674,small,"[15, 286, 400]",15
52633,small,"[15, 181]",15
67308,small,"[15]",15
85426,small,"[10]",10
105920,small,"[17, 103]",17
82915,small,"[18]",18
60317,small,"[1, 22, 32]",1
85484,small,"[17, 103]",17
92947,small,"[18, 107]",18
145199,small,"[12, 53]",12
137724,small,"[12, 404]",12
1681,small,"[2]",2
126746,small,"[17, 103]",17
117670,small,"[2, 602]",2
80693,small,"[2, 118]",2
127912,small,"[10]",10
90826,small,"[10]",10
130929,small,"[18, 1235]",18
63064,small,"[15, 468]",15
126717,small,"[18, 1235]",18
52632,small,"[15, 181]",15
52452,small,"[18]",18
119894,small,"[18, 1235]",18
16354,small,"[12]",12
106564,small,"[12, 314, 404]",12
70425,small,"[10]",10
144542,small,"[17, 103]",17
76078,small,"[2, 130]",2
77564,small,"[10]",10
134453,small,"[18, 107, 1235]",18
85307,small,"[10, 362]",10
11200,small,"[10]",10
122624,small,"[18, 1235]",18
10682,small,"[17]",17
59683,small,"[2, 118, 232]",2
46158,small,"[15]",15
134073,small,"[17]",17
61679,small,"[10]",10
16895,small,"[10, 76]",10
134951,small,"[2, 102, 1032]",2
39605,small,"[15, 182]",15
59695,small,"[2]",2
108418,small,"[15, 181, 182]",15
19674,small,"[2, 92, 171]",2
6358,small,"[2, 118, 130]",2
109535,small,"[15, 240, 297]",15
46841,small,"[10]",10
58060,small,"[1, 32, 38]",1
36322,small,"[17]",17
84423,small,"[1, 38, 186]",1
73342,small,"[15, 296]",15
121656,small,"[18, 107]",18
123468,small,"[18]",18
116707,small,"[17]",17
122932,small,"[17, 103]",17
44809,small,"[10]",10
1083,small,"[1]",1
127496,small,"[18, 1235]",18
117966,small,"[1, 38]",1
108970,small,"[12, 64, 314]",12
7712,small,"[17, 103]",17
121592,small,"[10]",10
82893,small,"[17]",17
116101,small,"[18, 1235]",18
6360,small,"[2, 102, 118]",2
126219,small,"[18, 1235]",18
131922,small,"[18, 107, 1235]",18
92886,small,"[1, 38, 224]",1
129088,small,"[12, 404]",12
28480,small,"[10, 76, 362]",10
51269,small,"[10]",10
29742,small,"[6, 360]",6
68860,small,"[17]",17
114239,small,"[18, 1235]",18
133332,small,"[1, 30, 38, 41, 247]",1
120775,small,"[18, 1235]",18
122620,small,"[12, 66]",12
3272,small,"[17]",17
107588,small,"[17]",17
51118,small,"[1, 38]",1
68356,small,"[10]",10
21231,small,"[10]",10
91443,small,"[17, 103]",17
48492,small,"[2, 118]",2
59679,small,"[2]",2
75784,small,"[12]",12
45941,small,"[1, 38, 41]",1
4836,small,"[12]",12
126102,small,"[10]",10
94422,small,"[17]",17
127297,small,"[10]",10
107256,small,"[2, 130, 741]",2
40236,small,"[17]",17
3921,small,"[17]",17
100975,small,"[15, 468]",15
133459,small,"[18, 1235]",18
86119,small,"[10, 362]",10
67121,small,"[12]",12
126427,small,"[10]",10
116549,small,"[18]",18
111227,small,"[18, 107]",18
116733,small,"[18, 1235]",18
58542,small,"[12]",12
132566,small,"[18]",18
133803,small,"[17, 103]",17
64247,small,"[1, 38]",1
65756,small,"[10]",10
117287,small,"[15, 240]",15
13197,small,"[10]",10
65037,small,"[15, 468]",15
97406,small,"[1, 38, 125, 250, 514]",1
52629,small,"[15, 181]",15
116383,small,"[1, 38, 125]",1
85423,small,"[10]",10
133978,small,"[18, 1235]",18
125614,small,"[18, 1235]",18
36099,small,"[15]",15
126979,small,"[17]",17
20361,small,"[18]",18
122578,small,"[10]",10
107049,small,"[10]",10
66073,small,"[15, 42]",15
138021,small,"[18]",18
97215,small,"[17, 103]",17
116345,small,"[15, 236, 296]",15
45934,small,"[1, 38, 41]",1
137152,small,"[15, 337, 495]",15
148585,small,"[10]",10
148612,small,"[10]",10
122155,small,"[1, 38, 125]",1
85425,small,"[10]",10
73587,small,"[17]",17
133433,small,"[18, 1235]",18
81512,small,"[18]",18
135363,small,"[12, 66, 98]",12
119896,small,"[18, 1235]",18
10993,small,"[17]",17
111389,small,"[10, 76]",10
113272,small,"[2]",2
127204,small,"[10]",10
113949,small,"[17, 103]",17
10388,small,"[17]",17
111378,small,"[10, 76]",10
115475,small,"[18, 1235]",18
94803,small,"[15, 240, 297]",15
9553,small,"[12]",12
92548,small,"[15, 400, 495]",15
110439,small,"[17]",17
120172,small,"[17]",17
125161,small,"[15, 181, 296, 400, 495]",15
45515,small,"[17]",17
86116,small,"[10, 362]",10
126283,small,"[18, 1235]",18
109447,small,"[17, 103]",17
142641,small,"[18, 107, 1235]",18
66643,small,"[10]",10
96692,small,"[17, 49, 103]",17
107427,small,"[15, 182, 240]",15
87185,small,"[10]",10
106566,small,"[12, 314, 404]",12
101893,small,"[1, 247, 514]",1
85310,small,"[10, 362]",10
42018,small,"[15, 181, 182]",15
51661,small,"[17, 103]",17
88875,small,"[17]",17
10810,small,"[10]",10
59675,small,"[2, 118]",2
127280,small,"[10]",10
39298,small,"[12]",12
91796,small,"[17]",17
40245,small,"[17]",17
11508,small,"[17]",17
127936,small,"[15, 181, 401]",15
109905,small,"[17, 103]",17
32338,small,"[10]",10
28179,small,"[15, 296, 468]",15
110436,small,"[17]",17
118954,small,"[18]",18
116491,small,"[18, 1235]",18
10983,small,"[1, 32, 38]",1
3905,small,"[17]",17
122474,small,"[10]",10
59726,small,"[2]",2
92292,small,"[17, 103]",17
123467,small,"[18]",18
149140,small,"[18, 1235]",18
131454,small,"[10]",10
107046,small,"[10]",10
92948,small,"[18, 107]",18
73568,small,"[17]",17
92955,small,"[18, 107]",18
105142,small,"[12, 31, 70]",12
40984,small,"[12]",12
76437,small,"[17]",17
131446,small,"[10]",10
92540,small,"[17, 103]",17
29750,small,"[6, 360]",6
138416,small,"[17, 103]",17
104008,small,"[17, 103]",17
64364,small,"[10]",10
141283,small,"[18, 107]",18
22150,small,"[1, 32, 38, 250]",1
5376,small,"[17]",17
17631,small,"[2, 86, 92]",2
85593,small,"[10, 362]",10
1683,small,"[2]",2
138062,small,"[10]",10
100522,small,"[15, 337]",15
138413,small,"[17, 103]",17
134932,small,"[2, 102, 1032]",2
255,small,"[12]",12
88485,small,"[1, 38, 250]",1
68853,small,"[17]",17
200,small,"[17]",17
38784,small,"[2, 177]",2
126747,small,"[17, 103]",17
137740,small,"[12, 66, 109]",12
75442,small,"[18, 107]",18
131953,small,"[2, 118]",2
141303,small,"[18, 107]",18
35535,small,"[12]",12
85594,small,"[10, 362]",10
107579,small,"[17]",17
62452,small,"[10, 76]",10
113269,small,"[2]",2
148584,small,"[10]",10
139995,small,"[15, 182, 337]",15
99364,small,"[2, 118]",2
108302,small,"[17]",17
121739,small,"[10]",10
114880,small,"[2, 118]",2
125622,small,"[18, 1235]",18
99362,small,"[2, 118]",2
73797,small,"[17]",17
12527,small,"[10]",10
117169,small,"[18, 1235]",18
128472,small,"[18, 1235]",18
127909,small,"[10]",10
38777,small,"[2, 177]",2
138311,small,"[12, 88, 111]",12
90824,small,"[10]",10
121657,small,"[18, 107]",18
11234,small,"[1, 32, 38]",1
11242,small,"[1, 32, 38]",1
64249,small,"[1, 38]",1
26169,small,"[10]",10
14576,small,"[18, 1235]",18
72930,small,"[1, 47, 456]",1
126743,small,"[17, 103]",17
114558,small,"[15, 182, 286, 495]",15
111187,small,"[17, 33, 103]",17
33446,small,"[17]",17
144545,small,"[17, 103]",17
119413,small,"[1, 38]",1
121660,small,"[18, 107]",18
92275,small,"[15, 286]",15
111974,small,"[12, 25, 85]",12
91329,small,"[12, 66, 85]",12
23014,small,"[17]",17
129972,small,"[12, 66]",12
152418,small,"[2, 118, 130]",2
125826,small,"[18, 1235]",18
116457,small,"[17]",17
12518,small,"[10]",10
29738,small,"[6, 360]",6
59725,small,"[2]",2
10447,small,"[17]",17
149714,small,"[18, 107]",18
16340,small,"[10]",10
71420,small,"[15, 182]",15
64079,small,"[10]",10
110111,small,"[15, 240, 297]",15
117967,small,"[1, 38]",1
133435,small,"[18, 1235]",18
58063,small,"[1, 32, 38]",1
105715,small,"[17]",17
79986,small,"[17, 103]",17
12045,small,"[17]",17
40844,small,"[15, 401]",15
126276,small,"[18, 1235]",18
10440,small,"[17]",17
40654,small,"[18]",18
93522,small,"[15, 468]",15
125196,small,"[17, 103]",17
19442,small,"[10]",10
125617,small,"[18, 1235]",18
116447,small,"[17]",17
145918,small,"[15, 236]",15
134947,small,"[2, 102, 1032]",2
126188,small,"[18, 1235]",18
94263,small,"[15]",15
129094,small,"[12, 404]",12
35007,small,"[1, 30, 38, 186, 247]",1
134950,small,"[2, 102, 1032]",2
139935,small,"[15, 296, 468]",15
29740,small,"[6, 360]",6
82914,small,"[18]",18
10485,small,"[17]",17
54159,small,"[18]",18
14693,small,"[17, 103]",17
127294,small,"[10]",10
50447,small,"[12, 25]",12
127184,small,"[10]",10
98681,small,"[2, 118]",2
10438,small,"[17]",17
93364,small,"[15, 42, 400]",15
146481,small,"[12, 66, 85]",12
148514,small,"[10]",10
128814,small,"[18, 1235]",18
105144,small,"[12, 31, 70]",12
114532,small,"[18, 1235]",18
210,small,"[17]",17
85486,small,"[17, 103]",17
10992,small,"[17]",17
4838,small,"[12]",12
117609,small,"[18, 1235]",18
5171,small,"[17]",17
23155,small,"[2, 130]",2
39278,small,"[1, 38]",1
65893,small,"[17]",17
126669,small,"[12, 66]",12
128816,small,"[18, 1235]",18
6387,small,"[2, 118]",2
133564,small,"[18, 107, 1235]",18
49473,small,"[10]",10
136321,small,"[15, 182, 400]",15
10807,small,"[10]",10
133440,small,"[18, 1235]",18
75441,small,"[18, 107]",18
122153,small,"[1, 38, 125]",1
75194,small,"[10]",10
137722,small,"[12, 404]",12
125618,small,"[18, 1235]",18
46839,small,"[10]",10
66650,small,"[10]",10
133455,small,"[18, 1235]",18
108471,small,"[18, 1235]",18
81576,small,"[18]",18
148606,small,"[10]",10
145020,small,"[12, 31]",12
40938,small,"[12, 111]",12
3912,small,"[17]",17
148535,small,"[17]",17
73580,small,"[17]",17
139226,small,"[15]",15
1684,small,"[2]",2
131951,small,"[2, 118]",2
54236,small,"[10]",10
133972,small,"[18, 1235]",18
114884,small,"[2, 118]",2
85837,small,"[15, 42, 400]",15
131933,small,"[2, 102, 118]",2
16820,small,"[12, 404]",12
129393,small,"[10]",10
126408,small,"[18, 1235]",18
55826,small,"[2, 46]",2
108305,small,"[17]",17
53586,small,"[17]",17
40656,small,"[18]",18
111230,small,"[18, 107]",18
28485,small,"[10, 76, 362]",10
34147,small,"[17]",17
10441,small,"[17]",17
58541,small,"[12]",12
125620,small,"[18, 1235]",18
133446,small,"[18, 1235]",18
19708,small,"[17]",17
130940,small,"[17]",17
6330,small,"[2, 92]",2
137151,small,"[15, 337, 495]",15
853,small,"[2]",2
54152,small,"[18]",18
40235,small,"[17]",17
145709,small,"[10]",10
9550,small,"[12]",12
85317,small,"[15, 468]",15
51004,small,"[2]",2
52645,small,"[15, 181]",15
113265,small,"[2]",2
141296,small,"[18, 107]",18
81638,small,"[18]",18
120779,small,"[1, 38, 41]",1
109537,small,"[15, 240, 297]",15
140924,small,"[15, 236, 296]",15
92951,small,"[18, 107]",18
108968,small,"[12, 64, 314]",12
80694,small,"[2, 118]",2
51333,small,"[17]",17
145554,small,"[17, 103]",17
53589,small,"[17]",17
23037,small,"[12]",12
72232,small,"[15, 240, 286]",15
85419,small,"[10]",10
114559,small,"[15, 182, 286, 495]",15
73572,small,"[17]",17
58115,small,"[10]",10
117610,small,"[18, 1235]",18
124875,small,"[18]",18
37119,small,"[18, 107]",18
126230,small,"[18, 1235]",18
39291,small,"[15, 296]",15
130992,small,"[18, 1235]",18
73171,small,"[17]",17
14583,small,"[18, 1235]",18
116452,small,"[17]",17
131952,small,"[2, 118]",2
56804,small,"[15]",15
76129,small,"[10]",10
71096,small,"[15, 183, 236]",15
63456,small,"[17]",17
122686,small,"[12, 26, 89]",12
11059,small,"[17]",17
126882,small,"[18, 1235]",18
87158,small,"[15, 181, 468]",15
120178,small,"[17]",17
119379,small,"[1, 30, 186]",1
97216,small,"[17, 103]",17
96169,small,"[2, 102]",2
145556,small,"[17, 103]",17
59664,small,"[2, 130]",2
6381,small,"[2, 118]",2
137605,small,"[12, 88, 89]",12
34510,small,"[1]",1
116586,small,"[1, 38, 125]",1
64333,small,"[15, 182, 296]",15
126670,small,"[12, 66]",12
64366,small,"[10]",10
45518,small,"[17]",17
31042,small,"[15]",15
107589,small,"[17]",17
99373,small,"[2, 118]",2
105887,small,"[17, 103]",17
74421,small,"[17]",17
139934,small,"[15, 296, 468]",15
122626,small,"[18, 1235]",18
134928,small,"[2, 102, 1032]",2
99369,small,"[2, 118]",2
127277,small,"[10]",10
121737,small,"[10]",10
9887,small,"[17]",17
126016,small,"[18, 1235]",18
122083,small,"[12, 66, 85]",12
40940,small,"[12, 111]",12
88848,small,"[17]",17
135337,small,"[10]",10
36959,small,"[10, 362]",10
85485,small,"[17, 103]",17
34994,small,"[1, 30, 38, 186, 247]",1
132677,small,"[18, 1235]",18
145708,small,"[10]",10
35539,small,"[12]",12
115774,small,"[18]",18
71372,small,"[12, 25]",12
129093,small,"[12, 404]",12
81988,small,"[18]",18
73341,small,"[15, 296]",15
122088,small,"[12, 66, 85]",12
130920,small,"[15, 240, 297]",15
111387,small,"[10, 76]",10
59682,small,"[2]",2
137716,small,"[12, 404]",12
126103,small,"[10]",10
138019,small,"[18]",18
42245,small,"[2]",2
81623,small,"[18]",18
125827,small,"[18, 1235]",18
104357,small,"[17]",17
142528,small,"[17]",17
94423,small,"[10]",10
40229,small,"[17]",17
143300,small,"[18]",18
32334,small,"[10]",10
55287,small,"[10]",10
13927,small,"[17]",17
104067,small,"[10]",10
86117,small,"[10, 362]",10
134445,small,"[18, 107, 1235]",18
12530,small,"[10]",10
8208,small,"[12]",12
4780,small,"[12]",12
3904,small,"[17]",17
113276,small,"[2]",2
124555,small,"[15, 236, 695]",15
111399,small,"[10, 76]",10
114242,small,"[15]",15
108421,small,"[15, 181, 182]",15
106562,small,"[12, 314, 404]",12
36998,small,"[15]",15
105717,small,"[17]",17
17636,small,"[2, 86, 92]",2
121734,small,"[10]",10
14737,small,"[12]",12
148605,small,"[17]",17
13928,small,"[17]",17
6803,small,"[2]",2
47068,small,"[15, 240, 297]",15
99707,small,"[15, 181, 296]",15
12508,small,"[17]",17
125187,small,"[17, 103]",17
122499,small,"[10]",10
17634,small,"[2, 86, 92]",2
71709,small,"[10]",10
52945,small,"[17, 103]",17
74347,small,"[1]",1
47074,small,"[15, 240, 297]",15
51005,small,"[2]",2
212,small,"[17]",17
134923,small,"[2, 102, 1032]",2
63457,small,"[17]",17
80695,small,"[2, 118]",2
131900,small,"[17]",17
87968,small,"[17]",17
6333,small,"[2, 102, 118]",2
98204,small,"[15, 181, 296]",15
141293,small,"[18, 107]",18
3910,small,"[17]",17
108456,small,"[10]",10
14736,small,"[12]",12
124177,small,"[18]",18
48494,small,"[2, 118]",2
87102,small,"[18]",18
16337,small,"[10]",10
112526,small,"[12, 25, 109]",12
86795,small,"[12]",12
131771,small,"[10, 76]",10
148114,small,"[18]",18
54234,small,"[10]",10
126410,small,"[18, 1235]",18
40244,small,"[17]",17
115891,small,"[18, 1235]",18
1685,small,"[2]",2
148603,small,"[17]",17
12062,small,"[17]",17
133442,small,"[18, 1235]",18
110689,small,"[15, 42, 400]",15
17632,small,"[2, 86, 92]",2
114541,small,"[18, 1235]",18
28266,small,"[12, 36, 66]",12
116870,small,"[18, 1235]",18
118674,small,"[17]",17
93710,small,"[17]",17
73468,small,"[10]",10
821,small,"[10]",10
85973,small,"[17]",17
52951,small,"[17, 103]",17
59876,small,"[12]",12
126425,small,"[10]",10
42377,small,"[15, 184]",15
73174,small,"[17]",17
138015,small,"[17]",17
57078,small,"[10]",10
121740,small,"[10]",10
105914,small,"[17, 103]",17
55285,small,"[10]",10
85420,small,"[10]",10
46846,small,"[10]",10
125194,small,"[17, 103]",17
11933,small,"[12]",12
47073,small,"[15, 240, 297]",15
52451,small,"[18]",18
112088,small,"[1, 38, 41]",1
28482,small,"[10, 76, 362]",10
104086,small,"[12, 66]",12
121256,small,"[12]",12
32800,small,"[17, 180]",17
127186,small,"[10]",10
113262,small,"[2]",2
121589,small,"[10]",10
211,small,"[17]",17
51006,small,"[2, 504]",2
111747,small,"[12, 66, 89]",12
131934,small,"[2, 102, 118]",2
133294,small,"[1, 30, 38, 41, 247]",1
126186,small,"[18, 1235]",18
40241,small,"[17]",17
40242,small,"[17]",17
39188,small,"[1, 32, 38]",1
107047,small,"[10]",10
38775,small,"[2, 177]",2
110105,small,"[15, 240, 297]",15
49844,small,"[17]",17
81612,small,"[18]",18
89482,small,"[17]",17
131767,small,"[10, 76]",10
14589,small,"[18, 1235]",18
125192,small,"[17, 103]",17
117173,small,"[18, 1235]",18
116757,small,"[18, 1235]",18
104068,small,"[10]",10
92881,small,"[1, 38, 224]",1
138069,small,"[10]",10
110384,small,"[17]",17
85968,small,"[17]",17
127804,small,"[15, 400, 495]",15
126668,small,"[12, 66]",12
72605,small,"[17]",17
99041,small,"[15, 286, 495]",15
85840,small,"[15, 42, 400]",15
91092,small,"[12, 25, 85]",12
132561,small,"[18]",18
110928,small,"[17, 103]",17
12048,small,"[17]",17
131452,small,"[10]",10
19425,small,"[10]",10
12537,small,"[10]",10
125160,small,"[15, 181, 296, 400, 495]",15
47665,small,"[10]",10
73169,small,"[17]",17
104276,small,"[15, 297, 468]",15
116488,small,"[18, 1235]",18
11237,small,"[1, 32, 38]",1
129444,small,"[17, 103]",17
133454,small,"[18, 1235]",18
123938,small,"[15, 183, 468]",15
92536,small,"[17, 103]",17
75438,small,"[18, 107]",18
110106,small,"[15, 240, 297]",15
27551,small,"[10]",10
87967,small,"[17]",17
19707,small,"[17]",17
126413,small,"[18, 1235]",18
126409,small,"[18, 1235]",18
143307,small,"[18]",18
85592,small,"[10, 362]",10
72513,small,"[12]",12
53937,small,"[10]",10
82928,small,"[18]",18
61670,small,"[10]",10
127908,small,"[10]",10
116736,small,"[18, 1235]",18
58052,small,"[1, 32, 38]",1
85692,small,"[17, 33]",17
126017,small,"[18, 1235]",18
124392,small,"[12, 26, 98]",12
108533,small,"[15, 181, 182]",15
63250,small,"[17]",17
143220,small,"[12, 66, 98]",12
131978,small,"[12, 58, 85]",12
133452,small,"[18, 1235]",18
121867,small,"[12, 85, 111]",12
125158,small,"[15, 181, 296, 400, 495]",15
116099,small,"[18, 1235]",18
3950,small,"[12, 85]",12
45150,small,"[15, 468, 491]",15
10481,small,"[17]",17
104066,small,"[10]",10
122644,small,"[18, 1235]",18
134933,small,"[2, 102, 1032]",2
76131,small,"[10]",10
107593,small,"[17]",17
107908,small,"[15, 42, 400]",15
51267,small,"[10]",10
127180,small,"[10]",10
119898,small,"[18, 1235]",18
73343,small,"[15, 296]",15
66649,small,"[10]",10
129362,small,"[10]",10
52500,small,"[17, 103]",17
108530,small,"[15, 181, 182]",15
107598,small,"[17]",17
144945,small,"[10]",10
37113,small,"[18]",18
33069,small,"[2, 46, 502]",2
19073,small,"[10]",10
44822,small,"[2, 118, 524]",2
111396,small,"[10, 76]",10
111224,small,"[18, 107]",18
134935,small,"[2, 102, 1032]",2
117669,small,"[2, 602]",2
87323,small,"[10]",10
109448,small,"[17, 103]",17
133968,small,"[18, 1235]",18
113282,small,"[2]",2
139991,small,"[15, 182, 337]",15
73369,small,"[15, 42, 495]",15
42374,small,"[15, 184]",15
60331,small,"[1, 32, 38]",1
111390,small,"[10, 76]",10
12065,small,"[17]",17
113933,small,"[10]",10
100550,small,"[15, 42, 184]",15
87194,small,"[10]",10
128484,small,"[10]",10
194,small,"[17]",17
49847,small,"[17]",17
130682,small,"[12, 25]",12
148519,small,"[10]",10
111367,small,"[10, 76]",10
146969,small,"[17, 103]",17
128815,small,"[18, 1235]",18
103521,small,"[18]",18
1663,small,"[10]",10
82919,small,"[18]",18
134053,small,"[15, 182, 296]",15
148130,small,"[18]",18
5158,small,"[17]",17
54153,small,"[18]",18
48493,small,"[2, 118]",2
91083,small,"[15, 184, 337]",15
110109,small,"[15, 240, 297]",15
17462,small,"[12, 25, 66, 89]",12
112527,small,"[12, 25, 109]",12
125621,small,"[18, 1235]",18
126292,small,"[15, 181, 296, 400, 495]",15
1929,small,"[1]",1
148,small,"[1]",1
6459,small,"[2, 102]",2
30740,small,"[1]",1
32328,small,"[10]",10
99392,small,"[2, 130]",2
4777,small,"[12]",12
12485,small,"[17]",17
139003,small,"[18, 107]",18
76128,small,"[10]",10
133434,small,"[18, 1235]",18
46043,small,"[1, 38, 41]",1
152480,small,"[18, 1235]",18
96693,small,"[17, 49, 103]",17
73495,small,"[18, 1235]",18
118671,small,"[17]",17
125312,small,"[2]",2
141297,small,"[18, 107]",18
148131,small,"[18]",18
47069,small,"[15, 240, 297]",15
52644,small,"[15, 181]",15
6366,small,"[2, 102]",2
89484,small,"[17]",17
98668,small,"[2, 102, 118]",2
139994,small,"[15, 182, 337]",15
74937,small,"[17]",17
67553,small,"[15]",15
114939,small,"[2, 102, 130]",2
113932,small,"[10]",10
143216,small,"[12, 66, 98]",12
97211,small,"[17, 103]",17
127343,small,"[15, 240]",15
121666,small,"[18, 107]",18
85833,small,"[15, 42, 400]",15
71509,small,"[15, 240, 297]",15
108014,small,"[17, 103]",17
87186,small,"[10]",10
23172,small,"[12]",12
133573,small,"[18, 107, 1235]",18
145553,small,"[17, 103]",17
47896,small,"[10]",10
138406,small,"[17, 103]",17
129092,small,"[12, 404]",12
76121,small,"[12, 85]",12
42234,small,"[2]",2
143221,small,"[12, 66, 98]",12
138016,small,"[17]",17
81436,small,"[18]",18
32759,small,"[10]",10
88858,small,"[17]",17
96168,small,"[2, 102]",2
127422,small,"[1, 38, 247]",1
29744,small,"[6, 360]",6
73363,small,"[15, 42, 495]",15
66483,small,"[1, 32, 38, 41, 186, 224]",1
109548,small,"[1, 41]",1
25215,small,"[2]",2
65755,small,"[10]",10
116453,small,"[17]",17
72456,small,"[12, 25, 85]",12
35198,small,"[1, 38, 125]",1
60547,small,"[2, 118]",2
82931,small,"[18]",18
143303,small,"[18]",18
113810,small,"[10]",10
72064,small,"[12]",12
1883,small,"[12]",12
127182,small,"[10]",10
127269,small,"[10]",10
67237,small,"[12]",12
8363,small,"[1, 22]",1
63292,small,"[18]",18
6396,small,"[2, 118]",2
14590,small,"[18, 1235]",18
142553,small,"[10]",10
36333,small,"[17]",17
46930,small,"[10]",10
130921,small,"[15, 240, 297]",15
36567,small,"[1, 38, 186, 224]",1
134939,small,"[2, 102, 1032]",2
75437,small,"[18, 107]",18
9846,small,"[1, 32]",1
144934,small,"[10]",10
129096,small,"[12, 404]",12
3833,small,"[12]",12
111393,small,"[10, 76]",10
115930,small,"[17]",17
54064,small,"[17]",17
48808,small,"[17]",17
134959,small,"[2, 1032]",2
546,small,"[17]",17
142081,small,"[15, 337, 468]",15
76079,small,"[2, 130]",2
85956,small,"[10]",10
135372,small,"[12, 66, 98]",12
143309,small,"[18]",18
127267,small,"[17]",17
89376,small,"[1, 38, 250]",1
114940,small,"[2, 102, 130]",2
6467,small,"[17]",17
12064,small,"[17]",17
107432,small,"[15, 182, 240]",15
1702,small,"[17]",17
49845,small,"[17]",17
33538,small,"[12]",12
136138,small,"[17, 33]",17
99311,small,"[15, 183, 495]",15
50446,small,"[12, 25]",12
128812,small,"[18, 1235]",18
130667,small,"[17, 103]",17
47826,small,"[1, 38, 456]",1
98701,small,"[12, 25, 85]",12
108464,small,"[15, 42]",15
73371,small,"[15, 42, 495]",15
87192,small,"[10]",10
54063,small,"[17]",17
73170,small,"[17]",17
105713,small,"[17]",17
42372,small,"[15, 184]",15
137907,small,"[17, 103]",17
1193,small,"[17]",17
87106,small,"[18]",18
47075,small,"[15, 240, 297]",15
73469,small,"[10]",10
127663,small,"[18, 1235]",18
47895,small,"[10]",10
35543,small,"[12]",12
37911,small,"[18, 107]",18
73565,small,"[15]",15
81945,small,"[17, 103]",17
12047,small,"[17]",17
127494,small,"[18, 1235]",18
128482,small,"[10]",10
126104,small,"[10]",10
62749,small,"[10, 362]",10
128470,small,"[18, 1235]",18
105915,small,"[17, 103]",17
114232,small,"[18, 1235]",18
138024,small,"[18]",18
62586,small,"[12, 58, 113]",12
40845,small,"[15, 401]",15
49067,small,"[1, 32, 38]",1
31043,small,"[15]",15
98205,small,"[15, 181, 296]",15
107571,small,"[17]",17
91205,small,"[12, 66]",12
120773,small,"[18, 1235]",18
138023,small,"[18]",18
146879,small,"[15, 42, 236]",15
97540,small,"[15, 42, 400]",15
144801,small,"[18, 107, 1235]",18
136320,small,"[15, 182, 400]",15
108527,small,"[15, 181, 182]",15
131770,small,"[10, 76]",10
11262,small,"[15]",15
120771,small,"[18, 1235]",18
91934,small,"[17]",17
72928,small,"[1, 47, 456]",1
129187,small,"[18, 1235]",18
129442,small,"[17, 103]",17
119897,small,"[18, 1235]",18
109450,small,"[17, 103]",17
51273,small,"[10]",10
10458,small,"[17]",17
44806,small,"[10]",10
82930,small,"[18]",18
12985,small,"[17]",17
12490,small,"[17]",17
87100,small,"[18]",18
126719,small,"[18, 1235]",18
149141,small,"[18, 1235]",18
82932,small,"[18]",18
142433,small,"[18, 107, 1235]",18
52508,small,"[17, 103]",17
204,small,"[17]",17
143215,small,"[12, 66, 98]",12
66180,small,"[17, 103]",17
51115,small,"[1, 38]",1
115724,small,"[15, 296, 468]",15
87069,small,"[15, 42, 337]",15
116468,small,"[18, 1235]",18
68353,small,"[10]",10
141299,small,"[18, 107]",18
13596,small,"[12]",12
3271,small,"[17]",17
130932,small,"[18, 1235]",18
87187,small,"[10]",10
114936,small,"[2, 102, 130]",2
14568,small,"[18, 1235]",18
58061,small,"[1, 32, 38]",1
122087,small,"[12, 66, 85]",12
39484,small,"[1, 32, 38]",1
58539,small,"[12]",12
134949,small,"[2, 102, 1032]",2
117288,small,"[15, 240]",15
48437,small,"[15, 183, 468]",15
117057,small,"[1, 38, 125]",1
124183,small,"[18]",18
83903,small,"[1, 38, 186]",1
143296,small,"[18]",18
57640,small,"[17, 33, 103]",17
75788,small,"[12]",12
42373,small,"[15, 184]",15
114233,small,"[18, 1235]",18
76130,small,"[10]",10
6363,small,"[2, 102, 118]",2
60549,small,"[2, 118]",2
125313,small,"[2]",2
122503,small,"[10]",10
86118,small,"[10, 362]",10
144936,small,"[10]",10
51776,small,"[18, 107]",18
13930,small,"[17]",17
73792,small,"[10]",10
116458,small,"[17]",17
80773,small,"[2, 524, 1032]",2
83439,small,"[17]",17
87098,small,"[18]",18
59663,small,"[2, 130]",2
69767,small,"[17]",17
12050,small,"[17]",17
127915,small,"[10]",10
122143,small,"[1, 38, 125]",1
118012,small,"[1, 38]",1
65685,small,"[17]",17
134934,small,"[2, 102, 1032]",2
110687,small,"[15, 42, 400]",15
93519,small,"[15, 468]",15
143319,small,"[12, 31, 101]",12
83613,small,"[18, 107]",18
33050,small,"[17, 103]",17
116753,small,"[18, 1235]",18
53457,small,"[15]",15
63255,small,"[17]",17
73192,small,"[12, 25, 85]",12
12390,small,"[10]",10
141181,small,"[10, 362]",10
99391,small,"[2, 130]",2
126884,small,"[18, 1235]",18
145704,small,"[10]",10
121651,small,"[18, 107]",18
138068,small,"[10]",10
85490,small,"[17, 103]",17
133456,small,"[18, 1235]",18
93704,small,"[17]",17
1891,small,"[12]",12
84777,small,"[15, 181, 182]",15
121662,small,"[18, 107]",18
3264,small,"[17]",17
113284,small,"[2]",2
71371,small,"[12, 25]",12
114223,small,"[18, 1235]",18
116466,small,"[18, 1235]",18
129973,small,"[12, 66]",12
73367,small,"[15, 42, 495]",15
135373,small,"[12, 66, 98]",12
52646,small,"[15, 181]",15
59666,small,"[2, 130]",2
85823,small,"[15, 337, 695]",15
128758,small,"[15, 181, 401]",15
13666,small,"[12]",12
141144,small,"[18, 1235]",18
135368,small,"[12, 66, 98]",12
116489,small,"[18, 1235]",18
64005,small,"[10]",10
10385,small,"[17]",17
64252,small,"[1, 38]",1
127185,small,"[10]",10
81491,small,"[18]",18
122190,small,"[12, 25, 85]",12
44821,small,"[2, 118, 524]",2
64248,small,"[1, 38]",1
30636,small,"[1, 32, 38, 125]",1
100535,small,"[15]",15
145555,small,"[17, 103]",17
87101,small,"[18]",18
108308,small,"[17]",17
8357,small,"[1, 22]",1
59719,small,"[2]",2
110108,small,"[15, 240, 297]",15
52448,small,"[18]",18
105672,small,"[15, 286, 400]",15
88861,small,"[17]",17
92873,small,"[1, 38, 224]",1
133451,small,"[18, 1235]",18
142079,small,"[15, 337, 468]",15
33070,small,"[2, 46, 502]",2
148121,small,"[18]",18
96946,small,"[10, 76]",10
107433,small,"[15, 182, 240]",15
87121,small,"[12, 27]",12
80000,small,"[17, 103]",17
82505,small,"[17]",17
32331,small,"[10]",10
45521,small,"[17]",17
12053,small,"[17]",17
51263,small,"[10]",10
34511,small,"[10]",10
5156,small,"[17]",17
144547,small,"[17, 103]",17
71511,small,"[15, 240, 297]",15
115768,small,"[18]",18
36371,small,"[10]",10
59708,small,"[2]",2
108299,small,"[17]",17
6372,small,"[2, 102, 118]",2
111375,small,"[10, 76]",10
96726,small,"[17, 103]",17
127289,small,"[10]",10
92952,small,"[18, 107]",18
80776,small,"[2, 524, 1032]",2
59659,small,"[2, 118]",2
144943,small,"[10]",10
122500,small,"[10]",10
114236,small,"[18, 1235]",18
129696,small,"[17, 103]",17
98666,small,"[2, 118]",2
39378,small,"[1, 32, 38]",1
80772,small,"[2, 524, 1032]",2
131917,small,"[18, 107, 1235]",18
125616,small,"[18, 1235]",18
20424,small,"[1]",1
125188,small,"[17, 103]",17
125819,small,"[18, 1235]",18
125182,small,"[17, 103]",17
30486,small,"[10]",10
63226,small,"[10]",10
23015,small,"[17]",17
145705,small,"[10]",10
27855,small,"[17, 33]",17
56800,small,"[15]",15
107250,small,"[2, 130, 741]",2
14744,small,"[12]",12
75440,small,"[18, 107]",18
128473,small,"[18, 1235]",18
127288,small,"[10]",10
114538,small,"[18, 1235]",18
27547,small,"[10]",10
127350,small,"[15, 240]",15
32329,small,"[10]",10
124176,small,"[18]",18
99390,small,"[2, 130]",2
59676,small,"[2, 118]",2
98680,small,"[2, 118]",2
68841,small,"[17]",17
92508,small,"[12, 25]",12
36435,small,"[15]",15
133975,small,"[18, 1235]",18
55286,small,"[10]",10
14578,small,"[18, 1235]",18
63290,small,"[18]",18
33203,small,"[15]",15
117450,small,"[12, 25, 85]",12
106339,small,"[17, 103]",17
46842,small,"[10]",10
145549,small,"[15, 296, 400]",15
12488,small,"[17]",17
116878,small,"[15, 240]",15
44354,small,"[1, 38, 41]",1
134486,small,"[10]",10
107595,small,"[17]",17
100536,small,"[15]",15
148516,small,"[10]",10
139523,small,"[17, 103]",17
3598,small,"[17]",17
133563,small,"[18, 107, 1235]",18
54160,small,"[18]",18
97404,small,"[15, 42, 400]",15
116344,small,"[15, 236, 296]",15
81946,small,"[17, 103]",17
51262,small,"[10]",10
6357,small,"[2, 118]",2
113342,small,"[17, 103]",17
121654,small,"[18, 107]",18
126676,small,"[12, 66]",12
126883,small,"[18, 1235]",18
130084,small,"[12, 85, 111]",12
66641,small,"[10]",10
116372,small,"[1, 30, 38]",1
113969,small,"[18]",18
27613,small,"[2, 130, 232, 504, 619]",2
40725,small,"[15]",15
114212,small,"[18, 1235]",18
144550,small,"[17, 103]",17
126417,small,"[18, 1235]",18
112528,small,"[12, 25, 109]",12
67765,small,"[17]",17
81543,small,"[18]",18
107249,small,"[2, 130, 741]",2
87099,small,"[18]",18
85427,small,"[10]",10
83906,small,"[1, 38, 186]",1
46840,small,"[10]",10
85951,small,"[10]",10
113271,small,"[2]",2
39607,small,"[15, 182]",15
66783,small,"[10]",10
123485,small,"[18, 1235]",18
62436,small,"[10]",10
137717,small,"[12, 404]",12
14734,small,"[12]",12
91085,small,"[15, 184, 337]",15
72562,small,"[17]",17
5157,small,"[17]",17
1689,small,"[2]",2
33071,small,"[2, 46, 502]",2
129095,small,"[12, 404]",12
84817,small,"[10]",10
143239,small,"[18, 107, 1235]",18
193,small,"[17]",17
116706,small,"[17]",17
110102,small,"[15, 240, 297]",15
1197,small,"[17]",17
45516,small,"[17]",17
132679,small,"[18, 1235]",18
108420,small,"[15, 181, 182]",15
92564,small,"[15, 182, 296]",15
114879,small,"[2, 118]",2
126672,small,"[12, 66]",12
122079,small,"[12, 66, 85]",12
75903,small,"[12, 25, 111]",12
142096,small,"[18, 107, 1235]",18
131773,small,"[10, 76]",10
81802,small,"[18]",18
6788,small,"[12]",12
111401,small,"[10, 76]",10
99374,small,"[2, 118]",2
87324,small,"[10]",10
64841,small,"[10]",10
89704,small,"[12, 25, 27]",12
30702,small,"[1, 38, 41, 247]",1
4108,small,"[12]",12
88863,small,"[17]",17
130950,small,"[17]",17
85309,small,"[10, 362]",10
106877,small,"[12, 66, 111]",12
130934,small,"[18, 1235]",18
67011,small,"[17]",17
143532,small,"[15, 286, 495]",15
130922,small,"[15, 240, 297]",15
116240,small,"[15, 296, 491]",15
122630,small,"[18, 1235]",18
83612,small,"[18, 107]",18
27945,small,"[1]",1
49061,small,"[1, 32, 38]",1
55295,small,"[10]",10
125809,small,"[18, 1235]",18
87107,small,"[18]",18
4779,small,"[12]",12
4017,small,"[17]",17
106876,small,"[12, 66, 111]",12
48440,small,"[15, 183, 468]",15
110167,small,"[12, 85, 111]",12
129375,small,"[10]",10
105119,small,"[12, 25, 111]",12
36380,small,"[15, 491]",15
126217,small,"[18, 1235]",18
66648,small,"[10]",10
130993,small,"[18, 1235]",18
133445,small,"[18, 1235]",18
122646,small,"[18, 1235]",18
73573,small,"[17]",17
49843,small,"[17]",17
126674,small,"[12, 66]",12
41568,small,"[10]",10
88872,small,"[17]",17
51923,small,"[15]",15
32756,small,"[17]",17
133553,small,"[18, 107, 1235]",18
207,small,"[17]",17
1482,small,"[15]",15
125680,small,"[18, 1235]",18
133449,small,"[18, 1235]",18
63291,small,"[18]",18
129188,small,"[18, 1235]",18
133273,small,"[12, 26]",12
115472,small,"[18, 1235]",18
144487,small,"[1]",1
128835,small,"[1, 38, 125]",1
59667,small,"[2, 130]",2
68854,small,"[17]",17
134449,small,"[18, 107, 1235]",18
55289,small,"[10]",10
38780,small,"[2, 177]",2
131919,small,"[18, 107, 1235]",18
138317,small,"[12, 88, 111]",12
75431,small,"[18, 107]",18
32325,small,"[10]",10
11505,small,"[17]",17
133560,small,"[18, 107, 1235]",18
131436,small,"[10]",10
123932,small,"[15, 183, 468]",15
52954,small,"[17, 103]",17
38783,small,"[2, 177]",2
111377,small,"[10, 76]",10
115474,small,"[18, 1235]",18
134943,small,"[2, 102, 1032]",2
17588,small,"[15]",15
92283,small,"[15, 286]",15
131939,small,"[2, 102, 118]",2
106571,small,"[12, 314, 404]",12
10387,small,"[17]",17
32332,small,"[10]",10
73366,small,"[15, 42, 495]",15
87159,small,"[15, 181, 468]",15
133437,small,"[18, 1235]",18
131772,small,"[10, 76]",10
3624,small,"[12, 89]",12
37111,small,"[18]",18
92868,small,"[12, 25, 109]",12
107434,small,"[15, 182, 240]",15
107799,small,"[12, 98]",12
67763,small,"[17]",17
40683,small,"[15]",15
141876,small,"[18, 1235]",18
96167,small,"[2, 102]",2
122077,small,"[12, 66, 85]",12
140933,small,"[15, 236, 495]",15
61734,small,"[10, 76]",10
150063,small,"[17, 103]",17
127296,small,"[10]",10
72612,small,"[17]",17
108304,small,"[17]",17
97959,small,"[15, 286, 400]",15
80003,small,"[17, 103]",17
77521,small,"[1, 38, 224]",1
47071,small,"[15, 240, 297]",15
35537,small,"[12]",12
130989,small,"[18, 1235]",18
121472,small,"[18, 107, 1235]",18
6783,small,"[17]",17
120782,small,"[1, 38, 41]",1
129186,small,"[18, 1235]",18
131950,small,"[2, 118]",2
114534,small,"[18, 1235]",18
23041,small,"[12, 25, 89]",12
108879,small,"[18, 1235]",18
109902,small,"[17, 103]",17
126415,small,"[18, 1235]",18
28608,small,"[10]",10
118951,small,"[18]",18
55292,small,"[10]",10
126886,small,"[18, 1235]",18
148607,small,"[10]",10
74945,small,"[10]",10
51113,small,"[1, 38]",1
123934,small,"[15, 183, 468]",15
85438,small,"[17]",17
140,small,"[17]",17
42044,small,"[12, 31]",12
134454,small,"[18, 107, 1235]",18
10389,small,"[17]",17
59702,small,"[2]",2
145027,small,"[12, 31]",12
96403,small,"[12, 31]",12
52650,small,"[15, 181]",15
99703,small,"[15, 181, 296]",15
129374,small,"[10]",10
197,small,"[17]",17
130349,small,"[17]",17
116487,small,"[18, 1235]",18
91081,small,"[15, 184, 337]",15
716,small,"[17]",17
71507,small,"[15, 240, 297]",15
121659,small,"[18, 107]",18
92282,small,"[15, 286]",15
134956,small,"[2, 1032]",2
144733,small,"[15]",15
138038,small,"[10]",10
83908,small,"[1, 38, 186]",1
43962,small,"[17]",17
115723,small,"[15, 296, 468]",15
4786,small,"[12]",12
142550,small,"[10]",10
79985,small,"[17, 103]",17
125825,small,"[18, 1235]",18
126216,small,"[18, 1235]",18
36643,small,"[10, 362]",10
149416,small,"[12, 25, 440]",12
118886,small,"[17, 103]",17
126233,small,"[18, 1235]",18
73306,small,"[12, 66]",12
9888,small,"[17]",17
113110,small,"[18]",18
104065,small,"[10]",10
108473,small,"[18, 1235]",18
126431,small,"[10]",10
144543,small,"[17, 103]",17
133274,small,"[12, 26]",12
124179,small,"[18]",18
133973,small,"[18, 1235]",18
96399,small,"[12, 31]",12
111376,small,"[10, 76]",10
108881,small,"[18, 1235]",18
10,small,"[10]",10
17637,small,"[2, 86, 92]",2
153946,small,"[17, 103, 180]",17
40851,small,"[15]",15
88873,small,"[17]",17
123461,small,"[18]",18
51659,small,"[17, 103]",17
108531,small,"[15, 181, 182]",15
28546,small,"[15]",15
141874,small,"[15, 181]",15
91349,small,"[10]",10
129189,small,"[18, 1235]",18
51655,small,"[17, 103]",17
117172,small,"[18, 1235]",18
104356,small,"[17]",17
134452,small,"[18, 107, 1235]",18
112529,small,"[12, 25, 109]",12
29747,small,"[6, 360]",6
65488,small,"[15, 42, 495]",15
73465,small,"[10]",10
135341,small,"[10]",10
107810,small,"[10]",10
143218,small,"[12, 66, 98]",12
52502,small,"[17, 103]",17
147413,small,"[12, 25, 111]",12
104277,small,"[15, 297, 468]",15
6380,small,"[2, 102, 118]",2
46732,small,"[10]",10
28477,small,"[10, 76, 362]",10
136424,small,"[15, 182, 400]",15
59673,small,"[2, 118]",2
32326,small,"[10]",10
46068,small,"[1, 38, 41]",1
79087,small,"[1, 38]",1
111933,small,"[15, 236, 296]",15
66076,small,"[15, 42]",15
12532,small,"[10]",10
21422,small,"[15]",15
97407,small,"[1, 38, 125, 250, 514]",1
99389,small,"[2, 130]",2
125824,small,"[18, 1235]",18
118070,small,"[15, 182, 236]",15
99375,small,"[2, 118]",2
71510,small,"[15, 240, 297]",15
31041,small,"[15]",15
133276,small,"[12, 26]",12
51918,small,"[17]",17
85424,small,"[10]",10
81189,small,"[1, 38]",1
133971,small,"[18, 1235]",18
131323,small,"[18, 1235]",18
66405,small,"[12, 31]",12
38399,small,"[17]",17
96401,small,"[12, 31]",12
128699,small,"[12, 85]",12
21232,small,"[10]",10
33049,small,"[17, 103]",17
84483,small,"[15, 297, 491]",15
48439,small,"[15, 183, 468]",15
140584,small,"[2, 81]",2
14580,small,"[18, 1235]",18
42236,small,"[2]",2
81565,small,"[18]",18
12376,small,"[10]",10
126673,small,"[12, 66]",12
69765,small,"[17]",17
12051,small,"[17]",17
12481,small,"[17]",17
75443,small,"[18, 107]",18
126789,small,"[17]",17
50444,small,"[12, 25]",12
136134,small,"[17, 33]",17
122473,small,"[10]",10
117666,small,"[2, 602]",2
123937,small,"[15, 183, 468]",15
125823,small,"[18, 1235]",18
73566,small,"[17]",17
144938,small,"[10]",10
1704,small,"[17]",17
140934,small,"[15, 236, 495]",15
133571,small,"[18, 107, 1235]",18
87070,small,"[15, 42, 337]",15
68404,small,"[12, 25]",12
27803,small,"[1, 224]",1
128477,small,"[10]",10
133443,small,"[18, 1235]",18
96400,small,"[12, 31]",12
126516,small,"[1, 38, 125]",1
49071,small,"[1, 32, 38]",1
46058,small,"[1, 38, 41]",1
14584,small,"[18, 1235]",18
